Item No.,Rapid code,Default Bin Location
0,R1206-SC-CW,C.13.L2
0,R1206-SC-WW,C.13.L2
10028,R2382_4-DIFF-10,MA-C-02-L1
10055,R3245-020-CW,MA-C-10-L1-P1
10076,R1073-WH-12W-WW-60-Carton36,MA-B-06-L2
10076,R1073-WH-12W-WW-60,MA-B-06-L2
10080,R6395-TRI,MA-A-16-L2
10080,R6395-TRI-Carton4,MA-A-16-L2
10086,R3206-UGR19-25-DL,MA-D-11-L2
10106,R1084-WH-CW-60,MA-B-14-L2
10248,R1084-WH-WW-60,MA-B-14-L2
10385,R1085-WH-WW-60,MA-B-13-L1-P2
10534,R3541-TRI,MA-D-11-L2
10555,R1085-WH-CW-60,MA-B-14-L2
10733,R3541-EM-TRI,MA-D-11-L2
10886,R3542-TRI,MA-D-10-L1-P1
11008,R3542-EM-TRI,MA-D-10-L1-P2
11617,R6370-BASE-Carton50,MA-E-11-L1
11617,R6370-BASE,MA-E-11-L1
12993,R3245-040-CW,MA-C-10-L1-P2
13264,R4101-WH-WW,MA-D-07-L1
13477,R4101-WH-CW,MA-D-07-L1
13632,R4101-BK-WW,MA-D-07-L1
13750,R6370-Carton6,MA-E-11-L1
13750,R6370,MA-E-11-L1
14123,R6370-1-Carton20,MA-E-11-L1
14123,R6370-1,MA-E-11-L1
14638,R6370-2,MA-E-11-L1
14638,R6370-2-Carton20,MA-E-11-L1
15010,R6370-3,MA-E-11-L1
15010,R6370-3-Carton20,MA-E-11-L1
15345,R1140-WH-BK-36-TP,Production
15360,R1021-SC-TRI,BOM
15368,R6333-500,BOM
15371,R2362-RGBW-2,MA-A-08-L3
15373,R9990-S-WH-Carton20,MA-F-01-L2
15373,R9990-S-WH,MA-F-01-L2
15432,R2362-RGBW-4,MA-A-08-L3
15434,R9990-S-BK-Carton20,MA-F-01-L2
15434,R9990-S-BK,MA-F-01-L2
15437,R2641-WH-6,MA-D-12-L1-P1
15440,R6121-SS-CW,MA-E-16-L3
15448,R2580-BK-TRI-60-P1,MA-D-09-L2
15448,R2580-BK-TRI-60-P1-Carton20,MA-D-09-L2
15452,R0001-RF,MA-C-12-L1-P1
15460,R2580-WH-TRI-60-P1,MA-D-09-L2
15460,R2580-WH-TRI-60-P1-Carton20,MA-D-09-L2
15465,R6121-SS-WW,MA-E-15-L3
15471,R2581-BK-TRI-60-P1,MA-D-09-L2
15471,R2581-BK-TRI-60-P1-Carton12,MA-D-09-L2
15481,R2362-RGBW-6,MA-A-08-L3
15483,R2581-WH-TRI-60-P1-Carton12,MA-D-10-L2
15483,R2581-WH-TRI-60-P1,MA-D-10-L2
15494,R2582-BK-TRI-60-P1-Carton12,MA-C-11-L2-P2
15494,R2582-BK-TRI-60-P1,MA-C-11-L2-P2
15498,R6121-BK-CW,MA-E-16-L3
15504,R2582-WH-TRI-60-P1,MA-D-10-L2
15504,R2582-WH-TRI-60-P1-Carton12,MA-D-10-L2
15509,R3208-TRI,MA-C-09-L1-P1
15509,R3208-TRI-Carton4,MA-A-05-L8-P2
15516,R2586-BK-PRO,MA-D-09-L3
15520,R2362-RGBW-8,MA-A-08-L3
15523,R2586-WH-PRO,MA-D-09-L3
15530,R2587-BK-PRO,MA-D-09-L3
15534,R9990-KIT,MA-F-01-L2
15537,R2582-BK-TRI-60-P2,D.10.L1.P1
15541,R2587-WH-PRO,MA-D-09-L3
15546,R6121-BK-WW,MA-E-16-L3
15551,R2580-Lens-15deg,MA-A-02-L5-P1
15559,R2580-Lens-24deg-Carton100,MA-A-02-L5-P1
15559,R2580-Lens-24deg,MA-A-02-L5-P1
15571,R2580-Lens-36deg,B.15.L1
15578,R134M-5W-CW-40,MA-C-16-L3
15583,R2581-Lens-12deg,MA-A-02-L5-P2
15587,R0002,MA-C-12-L1-P2
15589,R6122-SS-CW,MA-E-16-L3
15592,R2581-Lens-24deg,MA-A-02-L5-P2
15597,R2362-RGBW-10,MA-A-08-L3
15603,R2581-Lens-36deg,MA-A-02-L5-P2
15617,R2582-Lens-12deg,MA-A-02-L5-P2
15629,R2582-Lens-24deg,MA-A-02-L5-P1
15636,R6122-SS-WW,MA-E-16-L3
15640,R2582-Lens-36deg,MA-A-02-L5-P1
15644,R2362-RGBW-15,MA-A-08-L3
15647,R134M-5W-WW-40,MA-C-16-L3
15666,R6122-BK-CW,MA-E-17-L3
15685,R107M-12W-XW-60,MA-B-16-L1
15685,R107M-12W-XW-60-Carton48,MA-B-13-L6-P2
15702,R134M-5W-FRAME-BK,MA-C-16-L1
15716,R0002-RF,MA-C-13-L1-P1
15726,R6122-BK-WW,MA-E-17-L3
15767,R2362-RGBW,A.04.L4.P1
15783,R6123-SS-CW,MA-E-17-L3
15813,R134M-10W-CW-40,MA-C-16-L3
15823,R0003,MA-C-13-L1-P2
15825,R6123-SS-WW,MA-E-17-L3
15825,R6123-SS-WW-Carton50,MA-E-17-L3
15866,R6123-BK-CW,MA-E-17-L3
15907,R134M-10W-WW-40,MA-C-16-L3
15922,R0003-RF,MA-C-14-L1-P1
15925,R6123-BK-WW,MA-E-17-L3
15925,R6123-BK-WW-Carton50,MA-E-17-L3
15927,R2610-BK-1.5,MA-D-12-L1-P2
15998,R134M-10W-FRAME-BK-Carton100,MA-C-16-L1
15998,R134M-10W-FRAME-BK,MA-C-16-L1
16002,R1341-BK,MA-C-16-L4
16119,R1341-WH,MA-C-16-L4
16401,R2396-DIFF-10,MA-C-02-L1
16431,R2322-CW-10-V2,A.04.L1
16434,R2218-WH-SM,MA-B-11-L1-P1
16448,R1341-A-WH,MA-C-16-L4
16458,R3077-400,MA-F-13-L1-P1
16558,R1341-A-BK,MA-C-16-L4
16618,R1342-BK,MA-C-16-L3
16632,R2396-DIFF-5,MA-C-02-L1
16719,R1342-WH,MA-C-16-L3
16831,R3243-020-CW,MA-F-15-L1
16881,R1075-WH-12W-WW-60,MA-B-07-L2
16890,HUB-24v-IP20-060w-MO,MA-A-07-L5-P2
16907,R3250-300-BK-CW_R10503,MA-F-14-L1
16910,HUB-24v-IP20-100w-MO,MA-A-07-L5-P2
16923,R2331-CW-2,MA-A-05-L4-P1
16924,R3264-SL,MA-F-17-L1
16926,HUB-CONNECTOR-1M,MA-A-07-L5-P1
16929,STRIPTAIL-A,MA-BC-01-L5-P1
16931,R1342-A-WH,MA-C-16-L3
16933,R3264-BK-Carton10,MA-F-16-L1
16933,R3264-BK,MA-F-16-L1
16937,R3206-DL-V2,MA-C-03-L1-P1
16941,R2331-CW-4,MA-A-05-L4-P1
16943,STRIPTAIL-B,MA-BC-01-L5-P1
16945,HUB-CONNECTOR-3M,MA-A-07-L5-P1
16948,R2331-CW-6,MA-A-05-L4-P1
16957,R2331-CW-8,MA-A-05-L4
16959,HUB-CONNECTOR-5M,MA-A-07-L5-P1
16962,R2322-CW-5,MA-A-06-L1
16965,R2581-WH-TRI-60,D.09.L1.P2
16970,STRIPTAIL-C,MA-BC-01-L5-P1
16974,HUB-SENSOR-DOOR,MA-A-07-L5-P2
16980,R2593-BK-WW,MA-D-09-L4-P2
16984,R2331-WW-2,MA-A-03-L2
16988,HUB-MASTER-TOUCH,MA-A-07-L5-P2
16999,STRIPTAIL-D,MA-BC-01-L5-P1
17003,R2360-CW-10-V2,MA-A-07-L4
17010,R2331-WW-4,MA-A-03-L2
17012,HUB-SENSOR-TOUCH,MA-A-07-L5-P2
17015,STRIPTAIL-E,MA-BC-01-L5-P1
17017,R1342-A-BK,MA-C-16-L3
17021,R2331-WW-6,MA-A-03-L2
17023,R1306-WH-CW,MA-C-14-L2
17034,STRIPTAIL-F,MA-BC-01-L5-P1
17040,R1306-BK-WW-V2-Carton12,MA-C-13-L5-P2
17040,R1306-BK-WW-V2,MA-C-13-L5-P2
17041,R2331-WW-8,MA-A-03-L2
17044,R2321-CW-5-V2,A.02.L1
17053,R1306-WH-WW,MA-C-14-L2
17057,STRIPTAIL-G,MA-BC-01-L5-P1
17060,R2322-CW-10,MA-A-06-L1
17063,HUB-MASTER-WAVE,MA-A-07-L5-P2
17065,R2321-CW-10-V2,A.02.L1
17074,STRIPTAIL-H,MA-BC-01-L5-P1
17088,R2321-CW-15-V2,A.02.L1
17099,R2321-RGBW-5-V2,A.03.L1
17102,HUB-SENSOR-WAVE,MA-A-07-L5-P2
17106,R2377-AL-1M,MA-B-01-L2
17108,R107M-9W-CW-60-Carton48,MA-B-15-L2
17108,R107M-9W-CW-60,MA-B-15-L2
17113,R1160-WH-V2,MA-C-08-L2
17113,R1160-WH-V2-Carton12,MA-C-08-L2
17116,R2340-WW-10-V2,MA-A-04-L2
17118,R2321-RGBW-10-V2,A.03.L1
17122,R2332-CW-2,MA-A-05-L4
17127,R2321-RGBW-15-V2,A.03.L1
17130,R1161-WH,MA-C-09-L2
17135,R1071-A-WH-12W-WW-60-Carton36,MA-B-03-L2
17135,R1071-A-WH-12W-WW-60,MA-B-03-L2
17137,R2322-CW-15,MA-A-06-L1
17141,R1343-BK,MA-C-16-L4
17141,R1343-BK-Carton24,MA-C-16-L4
17144,R2321-WW-5-V2,A.02.L1
17146,R1081-BK-WW,MA-B-10-L2
17146,R1081-BK-WW-Carton36,MA-B-10-L2
17150,R1170-BK-CW,MA-C-10-L2
17153,R2370-SUS-5M,MA-B-02-L4
17155,R9996-DECAL-BLACK,MA-OFFICE-AREA
17157,R1081-WH-CW-V2,MA-B-10-L2
17160,R1306-BK-CW,MA-C-15-L2
17162,R2321-WW-10-V2,A.02.L1
17165,R2332-CW-4,MA-A-05-L4
17171,R1170-BK-WW,MA-C-10-L2
17171,R1170-BK-WW-Carton30,MA-C-10-L2
17179,R2321-WW-15-V2,MA-A-12-L1
17182,R2332-CW-6,MA-A-05-L4
17188,R2322-WW-5-V2,A.04.L1
17196,R9996-DECAL-WHITE,MA-OFFICE-AREA
17198,R2332-CW-8,MA-A-05-L5
17202,R2322-WW-10-V2,A.04.L1
17217,R2322-WW-15-V2,A.04.L1
17220,R3077-600,MA-F-13-L1-P2
17233,R1343-WH,MA-C-16-L4
17240,R2332-CW-10,MA-A-05-L5
17250,R2322-DL-5,MA-A-11-L1-P2
17273,R2332-CW-15,MA-A-05-L5
17291,R2322-DL-10,MA-A-11-L1
17300,R2332-RGBW-2,MA-A-08-L2
17314,R2332-RGBW-4,MA-A-08-L2
17338,R2332-RGBW-6,MA-A-08-L2
17357,R1343-A-WH,MA-C-16-L4
17359,R2332-RGBW-8,MA-A-08-L2
17375,R2332-WW-V2,MA-A-03-L5
17384,R2332-WW-2-V2,MA-A-03-L2
17400,R2332-WW-4-V2,MA-A-03-L2
17417,R2332-WW-6-V2,MA-A-03-L3
17432,R2332-WW-8-V2,MA-A-03-L3
17450,R2332-WW-10-V2,MA-A-03-L3
17458,R2322-DL-15,MA-A-12-L5
17469,R2332-WW-15-V2,MA-A-03-L3
17485,R2333-WW-2,MA-A-03-L3
17498,R2333-WW-4,MA-A-03-L3
17504,R1343-A-BK,MA-C-16-L4
17515,R2333-WW-6,MA-A-03-L3
17521,R2322-RGBW-5,MA-A-08-L1
17535,R2333-WW-8,MA-A-03-L4
17548,R2334-WW-2,MA-A-03-L4
17559,R2322-RGBW-10,MA-A-08-L1
17565,R2334-WW-4,MA-A-03-L4
17578,R2334-WW-6,MA-A-03-L4
17592,R2334-WW-8,MA-A-03-L4
17608,R2340-WW-2-V2,MA-A-04-L2
17624,R2340-WW-4-V2,MA-A-04-L2
17646,R2340-WW-6-V2,MA-A-04-L2
17665,R2340-WW-8-V2,MA-A-04-L2
17681,R2341-CW-2,MA-A-06-L4
17708,R2341-CW-4,MA-A-06-L4
17730,R2341-CW-6,MA-A-06-L4
17738,R2322-RGBW-15,MA-A-08-L1
17753,R2341-CW-8,MA-A-06-L4
17769,R2341-WW-2,MA-A-04-L2
17784,R2341-WW-4,MA-A-04-L2
17804,R2341-WW-6,MA-A-04-L2
17821,R2341-WW-8,MA-A-04-L2
17837,R2351-WW-2,MA-A-04-L3
17850,R2351-WW-4,MA-A-04-L3
17866,R2351-WW-6,MA-A-04-L3
17879,R2351-WW-8,MA-A-04-L3
17893,R2352-RGBW-2,MA-A-08-L2
17941,BS-SA-60-BLK,MA-F-17-L1
17957,R2352-WW-2-V2,MA-A-04-L4
17970,R2352-WW-4-V2,MA-A-04-L4
17982,R2352-WW-6-V2,MA-A-04-L4
17991,R2352-WW-8-V2,MA-A-04-L4
18003,R2352-WW-10-V2,MA-A-04-L5
18015,R2352-WW-15-V2,MA-A-04-L4
18023,R2353-WW-2,MA-A-04-L5
18032,R2353-WW-4,MA-A-04-L5
18044,R2353-WW-6,MA-A-04-L5
18052,R2353-WW-8,MA-A-04-L5
18061,R2360-WW-2-V2,MA-A-05-L2
18072,R2360-WW-4-V2,MA-A-05-L2
18083,R2360-WW-6-V2,MA-A-05-L4
18091,R2360-WW-8-V2,MA-A-05-L4
18102,R2361-CW-2,MA-A-07-L4
18113,R2361-CW-4,MA-A-07-L4
18127,R2361-CW-6,MA-A-07-L4
18133,BS-SF-SHS-100-60-OD-BLK,MA-F-17-L1
18136,R2361-CW-8,MA-A-07-L4
18147,R2361-WW-2,MA-A-05-L3
18158,R2361-WW-4,MA-A-05-L3
18171,R2361-WW-6,MA-A-05-L3
18179,R2361-WW-8,MA-A-05-L3
18186,R3206-TRI-V2,MA-C-04-L1
18195,R1069-WH-12W-WW-60,MA-B-16-L3
18206,R1071-WH-12W-WW-60-Carton36,MA-B-06-L1-P2
18206,R1071-WH-12W-WW-60,MA-B-06-L1-P2
18214,R1076-WH-12W-WW-60-V2,MA-B-06-L1-P1
18214,R1076-WH-12W-WW-60-Carton36,MA-B-06-L1-P1
18229,R107M-9W-WW-60,MA-B-15-L2
18229,R107M-9W-WW-60-Carton48,MA-B-15-L2
18237,R107M-12W-CW-24-V2,MA-B-15-L1
18245,R107M-12W-CW-60-Carton48,MA-B-15-L1
18245,R107M-12W-CW-60,MA-B-15-L1
18252,R107M-12W-WW-24,MA-B-15-L1
18259,R107M-15W-WW-60,MA-B-16-L1
18259,R107M-15W-WW-60-Carton48,MA-B-16-L1
18265,R1081-WH-WW-Carton36,MA-B-10-L1-P2
18265,R1081-WH-WW,MA-B-10-L1-P2
18269,R1069-WH-12W-XW-60,MA-B-16-L3
18274,R2590-BK-CW-V2,D.13.L1
18284,R2592-D-BK-WW,D.09.L3
18291,R2592-D-WH-CW-V2,D.10.L4.P1
18303,R1071-WH-12W-CW-60,MA-B-03-L2
18317,R107M-15W-CW-60,MA-B-16-L1
18317,R107M-15W-CW-60-Carton48,MA-B-16-L1
18532,R107M-15W-XW-60,MA-B-16-L1
18532,R107M-15W-XW-60-Carton48,MA-B-16-L1
18555,R5011-BL,MA-D-11-L3
18736,R5011-RGB,MA-D-11-L3
18755,R0001-RF-V2,MA-A-10-L4-P1
18820,R3303-040-WW,MA-F-10-L2
19012,R0002-RF-V2,MA-A-09-L7-P2
19161,R0003-RF-V2,MA-A-09-L7-P1
19230,R0007,MA-F-12-L1-P1
20257,R3205-CW,MA-D-03-L1-P2
20815,R2322-WW-4,MA-A-05-L1
21462,R3207-UGR19-16-CW-COI,MA-D-11-L2
21978,R2322-WW-6,MA-A-03-L1
23466,R2580-WH-TRI-60-V2,MA-D-09-L2-P1
23648,R2582-WH-TRI-60-V2,D.11.L1.P2
25391,R3245-Remote,MA-F-12-L1-P1
25788,R4101-BK-CW,MA-D-07-L1
26220,R4002-GLASS-AM,MA-A-14-L2-P2
26506,R107M-12W-XW-60-S,MA-B-16-L1
26878,R4002-GLASS-CL,MA-A-14-L2-P2
27038,R3250-600-BK-CW_R10503,MA-F-15-L5-P2
27077,R1095-30,MA-A-02-L4-P2
27766,R4001-GLASS-AM,MA-A-14-L2-P1
28122,R4001-GLASS-CL,MA-A-14-L2-P1
28701,R4000-TRIM-WH,MA-A-13-L1
28838,R2334-DL-5,A.04.L4
28850,R2334-DL-10,MA-A-14-L3
28857,R1140-BK-TK-Carton48,MA-D-15-L3
28857,R1140-BK-TK,MA-D-15-L3
28867,R2334-DL-15,MA-A-14-L3
28983,R4000-TRIM-MN,MA-A-13-L1
29497,R4000-TRIM-GO,MA-A-13-L1
29513,R2340-XW-10,MA-A-09-L1
29575,R1076-WH-12W-CW-60-V2,MA-B-08-L2
29619,R2340-XW-2,MA-A-09-L1
29656,R3250-R10504,MA-F-14-L3
29683,R-WPI220-L,MA-D-17-L4
29683,R-WPI220-L-Carton20,MA-D-17-L4
29695,R2385-BK-3M,MA-H-01-L3
29706,R2385-WH-3M,MA-H-01-L3
29725,R3250-BRACKET-USM,MA-F-16-L2
29732,R3250-300-BK-DL_R10503,MA-F-14-L1
29744,R3250-450-BK-DL_R10503,MA-F-15-L1
29745,R4000-TRIM-CH,MA-A-13-L1
29747,R2384-AL-1M,MA-B-01-L2
29751,R2384-AL-2M,MA-B-02-L3
29753,R2384-AL-3M,MA-H-01-L2
29755,R2384-BK-1M-V2,B.04.L3.P2
29758,R2384-BK-2M,MA-B-02-L3
29760,R2384-BK-3M,MA-H-01-L2
29762,R2382-AL-1M,MA-B-01-L1
29765,R2382-AL-2M,MA-B-01-L3
29768,R2382-AL-3M,MA-H-01-L2
29776,R2382-BK-2M,MA-B-01-L3
29778,R2382-BK-3M,MA-H-01-L2
29784,R2380-AL-1M,MA-B-01-L2
29786,R6090-12V-BK-CW,MA-E-13-L3
29786,R6090-12V-BK-CW-Carton36,MA-E-13-L3
29790,R2380-AL-2M,MA-B-01-L3
29793,R6090-12V-BK-WW-Carton36,MA-E-13-L3
29793,R6090-12V-BK-WW,MA-E-13-L3
29801,R2381-AL-1M,MA-B-01-L2
29811,R6092-12V-BK-CW,MA-E-13-L1
29818,R7001,MA-B-03-L3-P2
29823,R6092-12V-BK-WW,MA-E-13-L1
29823,R6092-12V-BK-WW-Carton36,MA-E-13-L1
29825,R1095-35,A.PRODUCTION_SHELF.L2
29826,R1075-WH-WW-60,B.07.L2
29828,R2397,MA-B-01-L4
29833,R1055-WH-TRI,MA-B-12-L1-P2
29833,R1055-WH-TRI-Carton30,MA-B-12-L1-P2
29836,R6099-BK-CW,MA-E-15-L1
29842,R1095-25-Carton100,MA-A-01-L4-P1
29842,R1095-25,MA-A-01-L4-P1
29844,R2352-RGBW-4,MA-A-08-L2
29851,R2370-SUS-V2,MA-B-02-L4
29852,R999-SUS,MA-G-04-L2
29852,R999-SUS-Carton50,MA-G-04-L2
29854,R1095-18,MA-A-02-L4-P1
29854,R1095-18-Carton50,MA-A-02-L4-P1
29857,R6099-BK-WW-Carton12,MA-E-15-L1
29857,R6099-BK-WW,MA-E-15-L1
29858,R999-WH-WMB,MA-G-02-L2
29862,R2352-RGBW-6,MA-A-08-L2
29863,R999-BK-WMB,MA-G-04-L2
29869,R3240-LENS-R09605,MA-F-13-L2
29871,R2340-XW-4,MA-A-09-L1
29874,R2352-RGBW-8,MA-A-08-L3
29875,R3240-LENS-R09604,MA-F-13-L2
29878,R1095-13,MA-A-01-L4-P1
29878,R1095-13-Carton50,MA-A-01-L4-P1
29882,R3240-LENS-R09603,MA-F-13-L2-P1
29890,R1095-10,MA-A-02-L4-P1
29894,R1091-10-BK-SIL-TRI-Carton 36,MA-B-12-L2
29894,R1091-10-WH-SIL-TRI-Carton 36,MA-B-12-L2
29894,R1091-10-BK-SIL-TRI,MA-B-12-L2-P1
29896,R3240-LENS-R09601,MA-F-13-L2
29898,R3115,MA-F-08-L1-P1
29899,R3240-LENS-R09602,MA-F-13-L2
29902,R8101-100,MA-B-08-L3-P2
29904,R3540-TRI,MA-E-01-L1
29904,R3540-TRI-Carton6,MA-E-01-L1
29910,R3268-BK-42,MA-F-17-L2
29912,R2377-AL-2M,MA-B-01-L4
29916,R2323-CW-5-V1,A.03.L4.P2
29918,R3268-BK-76,MA-F-17-L2
29918,R3268-BK-76-Carton10,MA-F-17-L2
29920,R2378-AL-2M,MA-D-06-L2-P1
29922,R5511,MA-D-11-L3
29922,R5511-Carton50,MA-D-11-L2
29926,R2323-CW-10-V1,A.03.L4.P2
29928,R5510-Carton50,MA-D-11-L2
29928,R5510,MA-D-11-L3
29931,R2323-CW-15-V1,A.03.L4.P2
29935,R2323-WW-15-V1,A.03.L4.P1
29937,R3268-BK-60,MA-F-17-L5-P1
29940,R2323-WW-5-V1,A.06.L4
29942,R5502-Carton40,MA-D-11-L2
29942,R5502,MA-D-11-L3
29944,R2323-WW-10-V1,A.03.L4.P1
29946,R3240-LENS-R17605,MA-F-13-L3
29950,R5501-Carton50,MA-D-11-L2
29950,R5501,MA-D-11-L3
29952,R5023-BL,D.13.L2
29957,R3240-LENS-R17604,MA-F-13-L3
29958,R107M-12W-WW-60-S-V1,B.11.LEFTSHELF.L4
29960,R5010-CW-Carton20,MA-D-12-L2
29960,R5010-CW,MA-D-12-L2
29961,R3510-TRI-Carton10,MA-F-05-L2
29961,R3510-TRI,MA-F-04-L2
29963,R3240-BK-MED-PE-60,MA-F-14-L2
29965,R3240-BK-LRG-60,MA-E-10-L1-P1
29969,R5022-RGB,D.13.L2
29974,R1091-10-WH-SIL-CW,MA-B-12-L3
29976,R5023-RGB,D.13.L2
29978,R3240-LENS-R17602,MA-F-13-L2
29979,R3240-BK-MED-60,MA-E-10-L1-P2
29983,R3240-LENS-R17603,MA-F-13-L3
29985,R5010-RGB,MA-D-12-L2
29985,R5010-RGB-Carton20,MA-D-12-L2
29987,R107M-12W-WW-60-V1,B.15.L2
29989,R2397-180,MA-BC-01-L2-P1
29990,R5010-BL-Carton20,MA-D-12-L2
29990,R5010-BL,MA-D-12-L2
29992,R107M-WW-60,MA-B-16-L1
29992,R107M-WW-60-Carton48,MA-B-16-L1
29995,R3240-LENS-R17601,MA-F-13-L2
29997,R5020-CW,D.12.L2
29998,R1140-BK-RM,MA-D-15-L3
30003,RSSM-Carton100,MA-G-02-L2
30003,RSSM,MA-G-02-L2
30004,R8002-G45-WW,MA-D-13-L4
30005,R3262-BK-60,MA-F-17-L2
30005,R3262-BK-60-Carton6,MA-F-17-L2
30006,R6241-EYELID-BK,MA-G-08-L2
30006,R6241-EYELID-BK-Carton20,MA-G-08-L2
30007,R1053-WH-TRI,MA-B-12-L1-P1
30007,R1053-WH-TRI-Carton40,MA-B-12-L1-P1
30008,R2386-2M,MA-B-02-L3
30009,12v-IP67-060w-Carton20,MA-A-10-L3
30009,12v-IP67-060w,MA-A-10-L2
30010,R6333,MA-A-15-L1-P1
30011,R1171-WH-CW,MA-C-12-L2
30011,R1171-WH-CW-Carton24,MA-C-12-L2-P1
30012,R2214-Carton40,MA-B-11-L1-P1
30012,R2214,MA-B-11-L1-P1
30013,R2321-DL-15-V1,A.03.L1
30014,R6241-EYELID-WH,MA-G-08-L2
30015,R2340-CW-5,A.02.L2
30016,R2205-BK-CW,MA-D-08-L2
30016,R2205-BK-CW-Carton10,MA-D-08-L1
30017,R3243-Remote,MA-F-12-L1-P1
30018,12v-IP67-100w-Carton20,MA-A-09-L3
30018,12v-IP67-100w,MA-A-09-L3
30019,R2120-SLIM-WH-Carton5,MA-H-04-L1
30019,R2120-SLIM-WH,MA-H-04-L1
30020,R1092-18-WH-SIL-CW,MA-B-13-L2
30021,24v-IP67-200w,MA-A-10-L1
30022,R8002-S14-CW,MA-D-13-L4
30023,R2362-RGB-5,A.06.L1
30024,R2205-BK-WW,MA-D-08-L2
30024,R2205-BK-WW-Carton10,MA-D-08-L2
30025,R2590-RM-WH-CW,MA-D-09-L4-P2
30026,R2607-BK,MA-D-12-L1-P2
30027,R3221-SL,F.13.L2.P1
30028,R9996-KIT-WH,MA-G-04-L2
30028,R9996-KIT-WH-Carton20,MA-G-04-L2
30029,R1052,MA-B-10-L1-P1
30029,R1052-Carton30,MA-B-10-L1-P1
30030,R2641-BK-6,MA-D-12-L1-P1
30031,R2352-WW-5,MA-A-04-L4
30032,R2334-CW-15,MA-A-06-L2
30033,R2593-D-WH-WW,D.15.L1
30034,R2333-WW-15,MA-A-03-L4
30035,R6240-S-WH-TRI,MA-H-10-L1
30035,R6240-S-WH-TRI-Carton10,MA-H-10-L1
30036,R1075-WH-12W-WW-60-V1,B.07.L2
30037,R2401-Controller,MA-D-13-L4
30039,R2640-WH,MA-D-12-L1-P1
30040,R8003-EW-Carton50,MA-D-14-L4
30040,R8003-EW,MA-D-14-L4
30041,R2322-WW-15-V1,A.03.L1
30042,R6071-WH-WW,MA-E-15-L2
30043,R3230-075,MA-D-09-L1-P2
30044,R2126-DIFFUSER-DEEP,MA-H-05-L2
30045,R1093-25-BK-SIL-CW,MA-B-11-L4-P2
30046,R6052-BK-TRI-Carton10,MA-E-11-L3
30046,R6052-BK-TRI,MA-E-11-L3
30047,24v-IP20-060w-DIM-Carton18,MA-A-09-L2
30047,24v-IP20-060w-DIM,MA-A-09-L2
30049,R2401-Remote,MA-D-12-L2
30050,R1076-WH-12W-CW-60,B.08.L2
30051,R6054-BK-TRI-Carton10,MA-E-11-L2
30051,R6054-BK-TRI,MA-E-11-L2
30052,R1075-WH,MA-B-07-L2
30052,R1075-WH-Carton48,MA-B-07-L2-P2
30053,R2590-RM-WH-WW,MA-D-09-L4-P2
30055,R1073-WH-12W-CW-60-V1,MA-B-06-L2
30056,R6201-WH-TRI,G.08.L1.P1
30057,R8001-KIT-Carton10,MA-D-14-L4
30057,R8001-KIT,MA-D-14-L4
30058,R3226-40-BK-DL,MA-C-12-L6-P2
30059,R6039-BK-Carton50,MA-E-08-L2
30059,R6039-BK,MA-E-08-L2
30060,R6084-BK-WW,MA-E-17-L2
30061,R6090-BK-WW-V1,MA-E-14-L3
30062,R1170-WH-CW-Carton30,MA-C-10-L2
30062,R1170-WH-CW,MA-C-10-L2
30063,R6230-BK-TRI,MA-H-08-L1
30064,RSS,MA-G-02-L1-P1
30064,RSS-Carton120,MA-G-02-L1-P1
30065,R2371-AL,MA-B-01-L5-P1
30068,R1091-10-WH-SIL-TRI,MA-B-12-L2-P1
30069,R2370-SUS,B.03.L2
30070,R6032-WH,MA-E-08-L2
30071,R1301-CW-Carton8,MA-C-14-L2
30071,R1301-CW,MA-C-14-L2
30072,R6130-S-Carton10,MA-F-08-L2
30072,R6130-S,MA-F-08-L2
30073,R3216,MA-C-04-L2
30073,R3216-Carton100,MA-C-04-L2
30074,R2371-SUS,MA-B-02-L4
30076,R2151-WH-C-CW,MA-C-14-L3
30077,R2380-1M,B.04.L3.P2
30078,TRIM-R1031-BK-Carton240,MA-B-11-L1-P2
30078,TRIM-R1031-BK,MA-B-11-L1-P2
30079,R1077-WH,MA-B-08-L2
30079,R1077-WH-Carton48,MA-B-08-L2
30080,R2218-WH,MA-B-11-L1-P1
30080,R2218-WH-Carton20,MA-B-11-L1
30081,R2604-WH,MA-D-12-L1-P2
30082,R6071-WH-CW-V1,MA-E-15-L2
30083,R3265-SL-60,MA-F-17-L1
30084,R1073-WH-12W-WW-60-V1,MA-B-06-L2
30085,R2362-RGB-10,A.06.L1
30086,24v-IP67-040w-DIM,MA-A-10-L2
30087,R2601-WH-2M,MA-D-07-L4
30087,R2601-WH-2M-Carton20,MA-D-07-L4
30088,R3205-TRI-SM-V1,D.04.L1.P1
30089,R2104-WH-TRI,D.14.L2.P1
30090,R2595-WH-CW,MA-D-10-L3
30090,R2595-WH-CW-Carton36,MA-D-10-L3
30091,R6051-TT-TRI,MA-E-11-L3
30092,R3226-20-BK-DL,MA-C-12-L5-P2
30093,R1043,MA-B-08-L1-P1
30094,R1309-WH-CW,MA-C-15-L2
30094,R1309-WH-CW-Carton24,MA-C-15-L2
30095,R2340-CW-10,MA-A-06-L3
30096,R1309-WH-WW,MA-C-15-L2
30096,R1309-WH-WW-Carton24,MA-C-15-L2
30097,R6331-CW,MA-A-16-L3
30098,R2353-DL-15,MA-A-12-L5
30099,R3207-TRI-SM,MA-C-03-L2
30100,R3266-SL,MA-F-17-L1
30101,R6332-900,MA-A-16-L1-P1
30102,R2322-RGBW-15-V1,A.05.L1
30103,R3206-TRI-V1,C.03.L1.P1
30104,R2402,MA-D-13-L4
30105,R2362-RGB-15,A.06.L1
30107,R2334-WW-10,MA-A-03-L4
30108,R6150-S,MA-F-08-L2
30108,R6150-S-Carton6,MA-F-08-L2
30109,R2592-D-WH-WW,D.09.L3
30110,R2354-CW-15,MA-A-07-L3
30111,R2205-WH-CW,MA-D-08-L2
30111,R2205-WH-CW-Carton10,MA-D-08-L2
30112,R2206-BK-CW-Carton10,MA-D-08-L1
30112,R2206-BK-CW,MA-D-08-L1
30113,R2340-CW-15,A.06.L2
30114,R2640-BK,MA-D-12-L1-P1
30115,R3540-CW,A.05.L5.P1
30116,R2383-1M,B.04.L3.P2
30117,R3550,F.03.L1.P1
30118,R8002-G45-R,MA-D-13-L4
30119,R2201-WH-WW,MA-D-08-L3
30119,R2201-WH-WW-Carton10,MA-D-08-L3
30120,R1091-REFLECTOR-BK,MA-B-11-L1-P2
30120,R1091-REFLECTOR-BK-Carton100,MA-B-11-L1-P2
30121,R2334-CW-10,MA-A-06-L2
30122,R2205-WH-WW-Carton10,MA-D-08-L2
30122,R2205-WH-WW,MA-D-08-L2
30123,R2340-DL-10,MA-A-11-L5
30124,R2206-BK-WW-Carton10,MA-D-08-L1
30124,R2206-BK-WW,MA-D-08-L1
30125,R2340-DL-5,MA-A-11-L5
30126,R3220-BK,F.13.L1.P1
30127,R6330-CW,MA-A-16-L3
30129,R1206-WH-CW,MA-C-13-L2
30129,R1206-WH-CW-Carton100,MA-C-13-L2
30130,R2322-DL-10-V1,A.05.L1
30131,R3540-S-CW,E.03.L1.P1
30132,R3058-Carton6,MA-F-16-L1
30132,R3058,MA-F-16-L2
30133,R2340-DL-15,MA-A-11-L5
30134,R2101-BK-TRI,D.13.L2.P1
30135,R8002-G45-Y,MA-D-13-L4
30136,R2340-WW-5,MA-A-05-L1
30137,R3122,A.02.L5.P1
30138,R3206-FRAME-SM-Carton12,MA-C-08-L1-P2
30138,R3206-FRAME-SM,MA-C-08-L1-P2
30139,R2338-DL-15,MA-A-11-L5
30140,R3206-DL-V1,#N/A
30141,R2631-WH-2M-Carton12,MA-D-07-L4
30141,R2631-WH-2M,MA-D-07-L4
30142,R3207-FRAME-SM,MA-C-04-L2
30143,R2212-WH,MA-B-11-L1-P1
30144,R2340-WW-10,A.06.L3
30145,R3302-020,F.11.L2
30146,R2340-WW-15,A.06.L3
30147,R3207-UGR19-16-CW,MA-D-11-L2
30147,R3207-UGR19-16-CW-Carton5,MA-D-11-L2
30148,R2960,MA-A-02-L1-P1
30149,R1091-13-BK-SIL-WW,MA-B-16-L6-P2
30150,R1051-WH-TRI-Carton30,MA-B-09-L1-P2
30150,R1051-WH-TRI,MA-B-09-L1-P2
30151,R2365-2,MA-F-10-L2
30152,R3140,MA-F-15-L2
30153,R2202-WH-CW-Carton4,MA-D-07-L2
30153,R2202-WH-CW,MA-D-07-L2
30154,R9995-V1,MA-G-01-L2
30155,R2321-CW-15-V1,A.02.L1
30156,R1206-BK-CW,MA-C-14-L3
30157,R6011-CW,MA-F-16-L3
30158,R1071-A-WH-12W-WW-60-V1,B.04.L2
30159,R6091-BK-WW-V1,E.13.L2
30160,R2341-CW-5,A.02.L2
30161,R1061-A-WH-TRI,MA-B-14-L1
30161,R1061-A-WH-TRI-Carton30,MA-B-14-L1
30162,R2341-CW-10,MA-A-06-L4
30163,R1091-REFLECTOR-MS,MA-B-11-L1-P2
30163,R1091-REFLECTOR-MS-Carton100,MA-B-11-L1-P2
30164,R1160-WH,MA-C-09-L2
30165,R2385-2M,B.02.L3
30166,R2380-2M,B.01.L3
30167,R3303-040,F.10.L2
30168,R1061-A-BK-TRI,MA-B-14-L1
30168,R1061-A-BK-TRI-Carton30,MA-B-14-L1
30169,R2341-CW-15,A.06.L2
30170,R1151-WH-WW-Carton12,MA-C-07-L2
30170,R1151-WH-WW,MA-C-07-L2
30171,R2354-DL-15,MA-A-12-L1
30172,R2633-L-WH,MA-D-12-L1-P1
30173,R1301-DL-Carton8,MA-C-14-L2
30173,R1301-DL,MA-C-14-L2
30174,R2332-CW-10-V1,A.03.L2
30175,R2354-WW-15,MA-A-05-L2
30176,R6092-BK-WW-V1,MA-A-13-L1
30177,R1204-BK-CW,MA-C-13-L2
30177,R1204-BK-CW-Carton64,MA-C-13-L2
30178,R3540-DL,E.03.L1.P2
30179,R2387-2M,MA-B-01-L4
30180,R6240-EM-BK-TRI-Carton10,MA-H-11-L1-P2
30180,R6240-EM-BK-TRI,MA-H-10-L1
30181,R2631-WH-1M,MA-D-07-L5-P1
30181,R2631-WH-1M-Carton12,MA-D-07-L1
30182,R2334-WW-15,MA-A-03-L4
30183,R3303-070,MA-F-10-L2
30184,R2341-DL-5,A.02.L1
30185,R2637-R-BK,MA-D-12-L1-P1
30186,R2641-BK,MA-D-12-L1-P1
30187,R2202-BK-CW,MA-D-07-L2
30187,R2202-BK-CW-Carton4,MA-D-07-L2
30188,R1081-BK-CW-V1,MA-B-10-L2-P1
30189,R2341-DL-15,MA-A-12-L2
30190,R3205-FRAME-SM-Carton12,MA-C-04-L2
30190,R3205-FRAME-SM,MA-C-04-L2
30191,R2341-DL-10,MA-A-12-L5
30192,R6076-BK-TRI-V1,E.16.L2
30193,R2636-R-BK,MA-D-12-L1-P1
30194,R1150-BK-WW,MA-C-06-L2
30194,R1150-BK-WW-Carton18,MA-C-06-L2
30196,R2213-WH,MA-B-11-L1-P1
30197,R2321-DL-5-V1,A.03.L1
30198,R2152-SC-O-CW,MA-C-15-L3
30199,R6334-15W-CW,MA-A-15-L3
30200,R2642-WH,MA-D-12-L1-P1
30201,R2636-R-WH,MA-D-12-L2
30202,R6240-BK-TRI,MA-H-10-L1
30202,R6240-BK-TRI-Carton10,MA-H-10-L1
30203,R2341-WW-5,A.02.L3
30204,R107M-15W-CW-60-V1,B.16.L1
30205,R3250-BRACKET-SA,MA-F-16-L2
30206,R2341-WW-10,MA-A-04-L3
30207,R3114,F.09.L1.P1
30208,R1071-WH-12W-WW-60-V1,B.03.L2
30209,R6230-EM-WH-TRI,H.07.L1.P2
30210,R2637-L-WH,MA-D-12-L1-P1
30211,24v-IP67-150w-DIM,MA-A-10-L2
30212,R2331-WW-10,MA-A-03-L2
30213,R2353-WW-10,MA-A-04-L5
30214,R107M-15W-WW-60-V1,B.11.LEFTSHELF.L1
30215,R2341-WW-15,A.09.L3
30216,R2606-BK,MA-D-12-L1-P2
30217,R2601-BK-2M,MA-D-07-L4
30217,R2601-BK-2M-Carton20,MA-D-07-L4-P2
30219,R2381-2M,B.04.L2.P2
30220,R1072-WH,MA-B-06-L2
30220,R1072-WH-Carton48,MA-B-06-L2
30221,R2360-CW-10,MA-A-07-L4
30222,R6260,MA-G-02-L2
30223,R2206-WH-CW-Carton5,MA-D-08-L1
30223,R2206-WH-CW,MA-D-08-L1
30224,R1091-REFLECTOR-WH,MA-B-11-L1-P2
30224,R1091-REFLECTOR-WH-Carton100,MA-B-11-L1-P2
30225,R2360-CW-5,A.02.L2
30226,R9996-KIT-BK-Carton20,MA-G-03-L2
30226,R9996-KIT-BK,MA-G-03-L2
30227,R3240-120-SL,F.15.L2.P2
30228,R1094-35-BK-SIL-WW,MA-B-15-L3
30229,R1140-WH-RM,MA-D-13-L3
30230,R1170-WH-WW,MA-C-10-L2
30230,R1170-WH-WW-Carton30,MA-C-10-L2
30231,R2634-BK,MA-D-12-L1-P1
30232,R2334-CW-5,A.02.L2
30233,24v-IP20-100w-DIM-Carton18,MA-A-09-L2
30233,24v-IP20-100w-DIM,MA-A-09-L2
30234,R3266-BK,F.17.L2.P1
30235,R2104-SL-TRI,F.09.L2
30236,R3040-300,F.11.L2.P1
30237,R107M-6W-CW-60-V1,B.15.L2
30238,R2206-WH-WW,MA-D-08-L1
30238,R2206-WH-WW-Carton4,MA-D-08-L1
30239,R107M-6W-WW-60,B.15.L2
30240,R3206-UGR19-25-CW,MA-C-07-L1-P1
30240,R3206-UGR19-25-CW-Carton6,MA-C-07-L1-P1
30241,R1151-BK-CW-Carton12,MA-C-07-L2
30241,R1151-BK-CW,MA-C-07-L2
30242,R2322-CW-10-V1,A.04.L1
30243,R2631-BK-2M-Carton12,MA-D-06-L1-P1
30243,R2631-BK-2M,MA-D-07-L4
30244,R2331-CW-5,A.04.L2.P
30245,R1160-BK-V1,MA-C-09-L2
30246,R2360-CW-15,A.05.L2
30247,R107M-9W-CW-60-V1,B.15.L2
30248,R2360-DL-5,MA-A-12-L5
30249,R107M-9W-WW-60-V1,B.15.L2
30250,R2207-BK-CW,MA-D-07-L3
30250,R2207-BK-CW-Carton4,MA-D-07-L3
30251,R2351-CW-5,A.09.L2
30252,R1151-BK-WW,MA-C-07-L2
30252,R1151-BK-WW-Carton12,MA-C-07-L2
30253,R6391-BK,MA-A-15-L3
30254,R2321-WW-15-V1,A.02.L1
30255,R1066-WH,MA-B-16-L2
30256,R2360-DL-10,MA-A-12-L5-P2
30257,R2207-BK-WW,MA-D-07-L3
30257,R2207-BK-WW-Carton10,MA-E-07-L1-P1
30258,R2321-RGBW-10-V1,A.03.L1
30259,R3243-020,F.15.L1
30260,R3264-SL-V1,MA-F-17-L4-P1
30261,R2590-WH-WW,D.13.L1
30262,R6202-BK-TRI,BOM
30263,R2152-WH-O-WW,D.14.L4
30264,R2338-DL-5,A.05.L4
30265,R2121-SLIM-WH-Carton5,MA-H-05-L1-P1
30265,R2121-SLIM-WH,MA-H-05-L1
30266,R2593-D-WH-CW,MA-D-09-L4-P2
30267,R2332-DL-10,A.03.L4
30268,R1067-WH,MA-B-16-L2
30268,R1067-WH-Carton54,MA-B-16-L2
30269,R1068-WH,MA-B-16-L2
30270,R2333-CW-10,MA-A-05-L5
30271,R1092-REFLECTOR-BK,MA-B-11-L1-P2
30272,R8002-G45-P,MA-D-13-L4
30273,R3205-DL-V1,D.03.L1.P2
30274,R2370-BK,MA-B-02-L4
30275,R6390-BK-TRI,MA-A-15-L2
30275,R6390-BK-TRI-Carton6,MA-A-15-L2
30276,R2360-DL-15,MA-A-12-L5-P2
30277,R1092-REFLECTOR-MS,MA-B-11-L1-P2
30277,R1092-REFLECTOR-MS-Carton100,MA-B-11-L1-P2
30278,R2360-WW-5,A.04.L3.P
30279,R1311-WH-Carton36,MA-C-16-L2
30279,R1311-WH,MA-C-16-L2
30280,R2360-WW-10,A.05.L3.P
30281,R1044,MA-B-08-L1-P2
30282,R6085-WH-WW,MA-E-11-L1
30283,R3206-CW-V1,C.04.L1.P1
30284,R2353-WW-5,A.03.L3
30285,R2200-BK-WW,MA-D-08-L4
30285,R2200-BK-WW-Carton10,MA-D-08-L4
30286,R2321-RGBW-15-V1,A.03.L4
30287,R2590-BK-WW,MA-D-09-L4-P2
30288,R6007-BK-DL,MA-E-09-L2
30289,R6240-S-BK-TRI,MA-H-09-L1-P2
30289,R6240-S-BK-TRI-Carton10,MA-C-10-L6-P2
30290,R2101-WH-WW,MA-F-09-L2
30291,R2360-WW-15,A.06.L3.P
30292,R1312-WH,MA-C-16-L2
30293,R3540-S-DL,A.05.L5.P1
30294,R2215-BK,MA-B-11-L1-P1
30294,R2215-BK-Carton100,MA-B-11-L1-P1
30296,R2633-L-BK,MA-D-12-L1-P1
30297,R2322-RGBW-5-V2,A.05.L1
30298,R2604-BK,MA-D-12-L1-P2
30299,R2210,MA-B-11-L1-P1
30299,R2210-Carton50,MA-B-11-L4-P1
30301,R1313-WH,MA-C-16-L2
30303,R2361-CW-5,A.03.L2
30304,R2634-WH-Carton100,MA-D-12-L1-P1
30304,R2634-WH,MA-D-12-L1-P1
30305,R2333-DL-10,MA-A-11-L5
30306,R2152-WH-C-CW,MA-C-08-L3
30307,R3207-FRAME-RM,MA-C-04-L2
30308,R2631-WH-3M,MA-H-01-L1
30308,R2631-WH-3M-Carton8,MA-H-01-L1
30309,R1061-BK-TRI-Carton30,MA-B-14-L1
30309,R1061-BK-TRI,MA-B-14-L1
30310,R8001-5M,MA-D-14-L4
30310,R8001-5M-Carton10,MA-D-14-L4
30311,R6032-BK,MA-E-08-L2
30311,R6032-BK-Carton20,MA-E-08-L2
30312,R3262-SL-60,MA-F-16-L1
30313,R6052-WH-TRI,MA-E-11-L3
30313,R6052-WH-TRI-Carton10,MA-E-11-L3
30314,R2381-1M,B.01.L2
30315,R1314-WH,MA-C-16-L2
30316,R2361-CW-10,MA-A-08-L4
30317,R1315-WH,MA-C-16-L2
30318,R3580-V1,MA-F-04-L1
30319,R6230-S-BK-TRI,MA-A-14-L2
30321,R3263-SL-76,MA-F-17-L1
30322,TRIM-R1031-SC,MA-B-11-L1-P2
30323,R6332-VISOR,MA-A-16-L3
30324,24v-IP20-020w-DIM,MA-A-10-L3
30325,R2361-CW-15,A.05.L2
30326,R1316-WH,MA-C-16-L2
30327,R2361-DL-5,A.02.L1
30328,R6093-BK-WW-V1,E.14.L1.P1
30329,R2120 Trim Black,MA-H-05-L2
30330,R6070-BK-CW-V1,E.15.L2
30330,R6070-BK-CW-Carton12,E.15.L2
30331,R3206-TRI-RM-V1,C.06.L1.P2
30332,R2202-WH-WW-Carton4,MA-D-07-L2
30332,R2202-WH-WW,MA-D-07-L3
30333,R2641-WH,MA-D-12-L1-P1
30334,R6110-S,MA-F-08-L2
30334,R6110-S-Carton20,MA-F-08-L2
30336,R2322-WW-10-V1,A.03.L1
30337,24v-IP20-030w-DIM,MA-A-09-L2
30338,R2361-DL-10,MA-A-13-L1
30339,R131M-24W-CW-60-Carton36,MA-C-16-L1
30339,R131M-24W-CW-60,MA-C-16-L1
30340,R2361-DL-15,A.06.L1
30341,R3205-TRI-V1,D.05.L1.P1
30342,24v-IP67-060w-DIM-Carton20,MA-A-10-L2
30342,24v-IP67-060w-DIM,MA-A-10-L2
30343,R2382-AL-1M-V1,B.01.L2
30344,R3520-EM,E.05.L2.P2
30345,R1024-Carton20,MA-B-04-L1-P2
30345,R1024,MA-B-04-L1-P2
30346,R2632-BK,MA-D-12-L1-P1
30347,R1306-WH-WW-V1,C.14.L2
30348,R3230-040,MA-D-09-L1-P1
30349,R6039-WH-Carton50,MA-E-08-L2
30349,R6039-WH,MA-E-08-L2
30350,R1093-25-WH-SIL-WW,B.14.L3
30351,R6101-WW,MA-F-16-L3
30352,R2361-WW-5,A.03.L3
30353,R131M-24W-WW-60-Carton36,MA-C-16-L1
30353,R131M-24W-WW-60,MA-C-16-L1
30354,R2361-WW-10,MA-A-05-L3
30355,R107M-XW-60-Carton48,MA-B-16-L1
30355,R107M-XW-60,MA-B-16-L1
30356,R131M-32W-CW-60,MA-C-16-L1
30358,R2603-BK,MA-D-12-L1-P2
30359,R2384-BK-2M-V1,B.01.L3
30360,R2332-DL-5,A.02.L1
30361,24v-IP20-080w-DIM,MA-A-09-L2
30361,24v-IP20-080w-DIM-Carton18,MA-A-09-L2
30362,R2101-WH-TRI-Carton10,MA-F-09-L2
30362,R2101-WH-TRI,MA-F-09-L2
30363,R2592-D-WH-CW,MA-F-12-L4-P2
30364,R3116,MA-F-07-L1
30365,R2352-RGBW-5,MA-F-10-L6-P2
30366,R2151-SC-C-WW,C.15.L3
30367,R6236-BK,A.02.L5.P1
30368,R2361-WW-15,A.06.L3.P2
30369,R131M-32W-WW-60-Carton24,MA-C-16-L1
30369,R131M-32W-WW-60,MA-C-16-L1
30370,R6094-BK-WW-V1,E.14.L1.P2
30371,R3205-CW-V1,D.03.L1.P1
30372,R2353-DL-5,A.02.L1
30374,R2352-DL-10,MA-A-12-L5
30375,R6130-Carton10,MA-F-08-L2
30375,R6130,MA-F-08-L2
30376,R2354-DL-5,A.04.L1.P
30377,R2605-BK,MA-D-12-L1-P2
30378,R2331-CW-15,MA-A-05-L4
30379,R3059-Carton10,MA-F-16-L2
30379,R3059,MA-F-16-L2
30380,R1092-REFLECTOR-WH,MA-B-11-L1-P2
30381,R1141-BK-RM,MA-D-16-L3
30383,R3240-120-SL-PE,F.15.L1.P1
30385,R9993-BK,MA-G-03-L2
30385,R9993-BK-Carton20,MA-G-03-L2
30386,R6102-CW,E.11.L2
30387,R1092-18-BK-SIL-WW,MA-B-16-L6-P2
30388,R2352-WW-10,MA-A-04-L4
30389,R2606-WH,MA-D-12-L1-P2
30390,R3250-BRACKET-ADJ-Carton10,MA-F-16-L2
30390,R3250-BRACKET-ADJ,MA-F-16-L2
30391,24v-IP67-100w-DIM-Carton20,MA-A-10-L2
30391,24v-IP67-100w-DIM,MA-A-10-L2
30392,R2632-WH,MA-D-12-L1-P1
30393,R3110,F.07.L1.P1
30394,24v-IP67-020w-DIM-Carton24,MA-A-09-L2
30394,24v-IP67-020w-DIM,MA-A-10-L2
30395,R2332-WW-10,A.03.L3
30396,R2151-SC-C-CW,MA-C-08-L3
30397,R1093-25-WH-SIL-CW,B.14.L3
30398,R3250-SHIELD,MA-F-15-L3
30399,R3205-TRI-RM-V1,D.04.L1
30400,R2635-WH,MA-D-12-L1-P1
30400,R2635-WH-Carton500,MA-D-12-L1-P1
30401,R3240-070-BK,F.14.L2.P1
30402,R1073-WH-Carton48,MA-B-06-L2
30402,R1073-WH,MA-B-06-L2
30403,R2602-BK,MA-D-12-L1-P2
30404,R3205-UGR19-30-CW-Carton6,MA-D-03-L1-P1
30404,R3205-UGR19-30-CW,MA-D-05-L1-P1
30405,R2102-WH-TRI-Carton10,MA-F-09-L2
30405,R2102-WH-TRI,MA-F-09-L2
30406,R2636-L-BK,MA-D-12-L1-P1
30407,R1206-BK-WW,MA-C-13-L2
30408,R6053-BK-TRI-Carton10,MA-E-10-L1-P2
30408,R6053-BK-TRI,MA-E-07-L1
30409,R2321-DL-10-V1,A.03.L1
30410,R2152-WH-O-CW,D.11.04
30411,R2332-DL-15,MA-A-11-L5
30412,R3250-R10502,MA-F-14-L3
30413,R2331-DL-15,MA-A-11-L5
30414,R3265-SL-76-Carton10,MA-F-17-L1
30414,R3265-SL-76,MA-F-17-L1
30415,R1051-BK-TRI,MA-B-14-L1
30415,R1051-BK-TRI-Carton30,MA-B-14-L1
30416,R6054-TT-TRI,MA-E-11-L3
30417,24v-IP67-200w-DIM,MA-A-10-L2
30417,24v-IP67-200w-DIM-Carton15,MA-A-10-L2
30418,R2595-WH-WW,MA-D-11-L4
30418,R2595-WH-WW-Carton36,MA-D-11-L3
30419,R6150,MA-F-08-L2
30419,R6150-Carton6,MA-F-08-L2
30420,R2595-BK-CW,MA-D-11-L4
30421,R2354-DL-10,A.05.L1.P
30422,R1093-REFLECTOR-BK,MA-B-11-L1-P2
30422,R1093-REFLECTOR-BK-Carton100,MA-B-11-L1-P2
30423,R6075-WH-TRI-V1,MA-E-15-L2
30424,R1204-WH-CW,MA-C-13-L2
30425,R2331-WW-15,MA-A-03-L2
30426,R6006-60,MA-F-11-L2
30427,R1201-WH-CW-Carton64,MA-C-12-L2
30427,R1201-WH-CW,MA-C-12-L2
30428,R2151-SC-O-WW,MA-C-08-L3
30429,R1069-BK-Carton36,MA-B-16-L2
30429,R1069-BK,MA-B-16-L2
30430,R1093-REFLECTOR-MS,MA-B-11-L1-P2
30431,R2371-WH,B.04.L1.P2
30432,R2102-SL-TRI,MA-F-09-L2
30433,R2332-RGBW-15,MA-A-08-L2
30434,R1074-WH-12W-WW-60-V1,B.07.L2
30435,R3250-BRACKET-ULRG,MA-F-16-L2
30436,R2338-CW-10,A.05.L2
30437,R1023-Carton30,MA-B-04-L1-P1
30437,R1023,MA-B-04-L1-P1
30438,R2354-CW-10,MA-A-07-L3
30439,R2200-BK-CW-Carton10,MA-D-08-L4
30439,R2200-BK-CW,MA-D-08-L4
30440,R2211-BK,MA-B-11-L1-P1
30440,R2211-BK-Carton40,MA-B-11-L1-P1
30441,R1071-WH-Carton36,MA-B-04-L2-P1
30441,R1071-WH,MA-B-04-L2
30442,R2351-CW-10,MA-A-06-L5
30443,R1077-WH-12W-WW-60,B.07.L2
30444,R1141-WH-RM,MA-D-14-L3
30445,R3263-BK-76,MA-F-16-L1
30446,R3220-SL,F.13.L1.P1
30447,R6051-WH-TRI-Carton10,MA-E-10-L2
30447,R6051-WH-TRI,MA-E-10-L2
30448,R1091-13-BK-SIL-CW,MA-B-16-L6-P2
30449,R2338-WW-15,MA-A-03-L5-P2
30450,R2639-WH,MA-D-12-L1-P1
30451,R3206-UGR19-30-CW,MA-C-07-L1-P2
30451,R3206-UGR19-30-CW-Carton6,MA-C-07-L1-P2
30452,R2152-SC-O-WW,MA-C-08-L3
30453,12v-IP20-030w,MA-A-09-L3
30454,R1312-WH-24W-CW-60,BOM
30456,R2218-BK-Carton20,MA-B-11-L1-P1
30456,R2218-BK,MA-B-11-L1-P1
30457,R1161-BK,MA-C-09-L2
30458,R2332-WW-15,MA-A-03-L3
30459,R1093-REFLECTOR-WH,MA-B-11-L1-P2
30459,R1093-REFLECTOR-WH-Carton100,MA-B-11-L1-P2
30460,R3111-S,MA-E-17-L4-P1
30461,R6053-TT-TRI,E.11.L3
30462,R2351-WW-5,MA-A-04-L3
30463,R2322-CW-5-V1,A.04.L1
30465,R6071-BK-CW,MA-E-15-L2
30466,R2352-CW-5,MA-A-06-L5
30467,R2598-BK,MA-F-16-L3
30468,R1094-REFLECTOR-BK,MA-B-11-L1-P2
30469,R3570-EM-S,A.02.L5.P1
30470,R1074-BK,MA-B-07-L2
30470,R1074-BK-Carton48,MA-B-07-L2
30471,R2365-1,MA-F-10-L2
30472,R2389-1M,MA-H-01-L2
30473,R2352-CW-10,MA-A-07-L2
30474,R2598-WH,MA-F-16-L3
30476,R6392-Carton20,MA-A-14-L3
30476,R6392,MA-A-14-L3
30477,R3040-050,F.10.L1.P1
30478,R2603-WH,MA-D-12-L1-P2
30479,R1094-35-WH-SIL-WW,MA-B-15-L3
30480,R6332-500,MA-A-15-L2
30481,R1079-BK-Carton36,MA-B-09-L2
30481,R1079-BK,MA-B-09-L2
30482,R2639-BK,MA-D-12-L1-P1
30483,R1094-REFLECTOR-MS,MA-B-11-L1-P2
30484,R2333-DL-5,A.04.L1.P1
30485,R2601-WH-1M-Carton20,MA-D-07-L1
30485,R2601-WH-1M,MA-D-07-L5-P1
30486,R2331-DL-10,MA-A-11-L5
30487,R8001-1M,MA-D-14-L4
30488,R8001-3M,MA-C-13-L4-P1
30488,R8001-3M-Carton20,MA-C-13-L4-P1
30489,R1021-WH-TRI,MA-G-01-L1
30489,R1021-WH-TRI-Carton30,MA-A-08-L8-P2
30490,R1071-WH-12W-CW-60-V1,B.03.L2
30491,R2601-WH-3M-Carton20,MA-H-01-L1
30491,R2601-WH-3M,MA-H-01-L1
30492,R6031-BK-Carton12,MA-E-08-L1-P1
30492,R6031-BK,MA-E-08-L1-P1
30493,R2352-CW-15,MA-A-07-L2
30494,R1140-BK-TP,MA-D-15-L3
30496,R2352-RGBW-15,MA-A-07-L5
30498,R1091-13-WH-SIL-CW-Carton36,MA-B-12-L2
30498,R1091-13-WH-SIL-CW,MA-B-12-L2
30499,R2609-BK,MA-D-12-L1-P2
30500,R3540-EM-CW,A.05.L5.P1
30501,R1152-BK-CW-Carton4,MA-C-08-L2
30501,R1152-BK-CW,MA-C-08-L2
30502,R1161-WH-V1,C.09.L2
30503,R2322-CW-15-V1,A.04.L1
30504,R1094-REFLECTOR-WH,MA-B-11-L1-P2
30505,R3520-TRI,MA-E-05-L1-P1
30506,R2331-WW-5,MA-A-03-L2
30507,R1201-WH-WW,MA-C-12-L2
30507,R1201-WH-WW-Carton64,MA-C-12-L2
30508,R2321-WW-5-V1,A.03.L1
30509,R6334-25W-CW,MA-A-15-L3
30513,R1094-35-WH-SIL-CW,MA-B-15-L3
30514,R6012-CW,MA-F-16-L3
30515,R3212,MA-D-11-L1
30515,R3212-Carton5,MA-D-11-L1
30516,R1061-WH-TRI-Carton30,MA-A-14-L1-P1
30516,R1061-WH-TRI,MA-A-14-L1-P1
30518,R6085-BK-WW,E.11.L1.P1
30519,R2633-R-WH,MA-D-12-L1-P1
30520,R3040-200,F.11.L1.P2
30521,R1053-WH-EXT,MA-B-11-L1-P2
30521,R1053-WH-EXT-Carton50,MA-B-11-L1-P2
30523,R6202-WH-TRI,BOM
30524,R9992-BK,MA-G-03-L2
30524,R9992-BK-Carton6,MA-G-03-L2
30525,R1206-WH-WW,MA-C-13-L2
30525,R1206-WH-WW-Carton100,MA-C-13-L2
30526,R2352-DL-5,A.04.L1.P
30527,R107M-WW-60-S,MA-B-15-L1
30528,R6390-TT-TRI,MA-A-15-L2
30529,R2211-WH-Carton40,MA-B-11-L1-P1
30529,R2211-WH,MA-B-11-L1-P1
30530,R6201-BK-TRI,G.08.L1.P1
30531,R1306-WH-CW-V1,C.14.L2
30532,R2371-BK,MA-C-05-L1-P1
30533,R3206-TRI-SM-V1,C.06.L1.P1
30534,R2397-90,MA-BC-01-L2-P1
30535,R1092-18-BK-SIL-TRI,MA-B-13-L2
30535,R1092-18-BK-SIL-TRI-Carton18,MA-B-13-L2
30536,R-WPI235-L-Carton20,MA-D-17-L4
30536,R-WPI235-L,MA-D-17-L4
30537,R2602-WH,MA-D-12-L1-P2
30538,R1152-WH-WW,MA-C-07-L2
30539,R2609-WH,MA-D-12-L1-P2
30540,R2354-WW-5,MA-A-05-L2
30541,R1071-A-BK-12W-WW-60,B.06.L2
30542,R9991-BK-Carton20,MA-C-07-L5-P1
30542,R9991-BK,MA-G-03-L2
30543,R2125-DIFFUSER-Deep,MA-H-05-L2
30544,R6052-TT-TRI,MA-E-11-L3
30545,R3262-SL-76,MA-F-16-L1
30547,R6002-WH-TRI,MA-F-14-L2
30549,R1071-A-WH-12W-CW-60-V1,MA-B-03-L2
30551,R1079-WH,MA-B-09-L2
30552,R6236-EYELID-BK,A.02.L5.P1
30553,R1092-18-WH-SIL-WW,B.13.L3
30554,R1140-WH-TP,MA-D-13-L3
30555,R6002-SM-KIT,MA-F-15-L2
30555,R6002-SM-KIT-Carton5,MA-F-15-L2
30556,R8101,MA-B-08-L3-P2
30557,R2352-BL-10,MA-A-08-L4
30558,R6007-BK-WW-V1,E.09.L1.P1
30559,R6236-WH,G.17.L3.P2
30560,R2592-D-BK-WW-V1,MA-D-09-L4-P2
30561,R2605-WH,MA-D-12-L1-P2
30562,R1075-BK,MA-B-07-L2
30562,R1075-BK-Carton48,MA-B-07-L2
30563,R6331-WW,MA-A-16-L3
30565,R2637-R-WH,MA-D-12-L1-P1
30566,R3540-S-TRI,MA-E-04-L1-P2
30566,R3540-S-TRI-Carton6,MA-E-04-L1-P2
30567,R6002-EXT,MA-F-15-L3
30567,R6002-EXT-Carton5,MA-F-15-L3
30568,R1071-A-WH-CW-60-Carton36,MA-B-11-L3-P1
30568,R1071-A-WH-CW-60,MA-B-04-L2
30569,R6334-25W-WW,MA-A-15-L3
30570,R6076-WH-TRI-V1,E.16.L2
30571,R1204-BK-WW,MA-C-13-L2
30571,R1204-BK-WW-Carton64,MA-C-13-L2-P2
30572,R1081-WH-CW,MA-B-10-L2
30573,R6051-BK-TRI-Carton10,MA-E-10-L2
30573,R6051-BK-TRI,MA-E-10-L2
30574,R3240-090-BK,F.14.L1.P1
30575,R2610-WH,MA-D-12-L1-P2
30576,R6084-WH-WW,MA-A-13-L1
30577,R2321-CW-10-V1,A.02.L1
30578,R1031-WH-TRI-Carton30,MA-F-01-L1
30578,R1031-WH-TRI,MA-F-01-L1
30579,R3510,E.05.L1.P2
30580,R3225-40-BK-DL,MA-F-15-L1
30581,R2340-XW-6,MA-A-09-L1
30583,R1071-WH-CW-60-Carton36,MA-B-03-L2
30583,R1071-WH-CW-60,MA-B-03-L2
30584,R2338-CW-5,A.02.L2
30585,R2379-2M-Carton80,MA-B-01-L4
30585,R2379-2M,MA-B-01-L4
30586,R1071-ADJ-WH,MA-B-04-L2
30587,R6094-BK-CW-V1,MA-E-14-L2
30588,R9993-WH,MA-G-01-L2
30588,R9993-WH-Carton20,MA-G-01-L2
30589,R2321-RGBW-5-V1,A.03.L1
30590,R6102-WW,MA-F-16-L3
30591,R1073-BK,MA-B-07-L2
30591,R1073-BK-Carton48,MA-B-07-L2
30592,R1071-A-BK-12W-CW-60,MA-B-03-L2
30594,R2201-BK-WW-Carton10,MA-D-08-L3
30594,R2201-BK-WW,MA-D-08-L3
30595,R2593-D-BK-WW,MA-D-09-L4-P2
30595,R2593-D-BK-WW-Carton12,MA-D-09-L4-P2
30596,R2331-DL-5,MA-A-11-L5
30597,R3240-050-BK,MA-F-14-L2
30598,R9998-V1,MA-G-02-L2
30600,R3241-120-LENS-R01610,MA-B-02-L5
30601,R6015-TT-TRI,E.09.L2
30602,R2601-BK-3M-Carton20,MA-H-01-L1
30602,R2601-BK-3M,MA-H-01-L1
30603,R2369-CW-Carton200,MA-B-02-L1
30603,R2369-CW,MA-B-02-L1
30604,R1071-A-BK-CW-60,MA-B-03-L2
30605,R6334-15W-WW,MA-A-15-L3
30607,R2370-AL,MA-C-05-L1-P1
30608,R6101-CW,MA-F-16-L3
30609,R3111,F.07.L1.P2
30610,R6085-BK-CW,E.17.L3.P1
30611,R2635-BK,MA-D-12-L1-P1
30613,R6010-BK-WW-V1,E.09.L2
30614,R8002-S14-WW,MA-D-13-L4
30615,R2338-WW-5,A.05.L3
30616,R6335-500,MA-A-15-L2
30617,R1076-WH-CW-60,MA-B-08-L2
30617,R1076-WH-CW-60-Carton36,MA-B-08-L2
30618,R1092-18-BK-SIL-CW,MA-B-11-L4-P2
30619,R1030-WH-TRI-Carton50,MA-B-07-L1-P1
30619,R1030-WH-TRI,MA-B-07-L1-P1
30620,R3550-EM,A.05.L5.P1
30622,R3250-600-BK-DL_R10503,MA-F-15-L1
30623,R1141-BK-TP,MA-D-16-L3
30624,R3570-EM,F.01.L1.P1
30626,R2322-RGBW-10-V1,A.05.L1
30627,R2202-BK-WW-Carton4,MA-D-07-L2
30627,R2202-BK-WW,MA-D-07-L2
30628,R3264-BK-V1,F.15.L2
30629,R1308-DL,MA-C-15-L2
30630,R3205-UGR19-25-CW,MA-D-05-L1-P2
30630,R3205-UGR19-25-CW-Carton6,MA-D-03-L1-P1
30631,R2333-DL-15,MA-A-11-L5
30632,R6230-S-WH-TRI,H.07.L1.P2
30633,R3540-EM-S-DL,A.05.L5.P1
30634,R1306-BK-WW,MA-C-14-L2
30635,R2582-WH-WW-60-DALI-V2,MA-D-10-L3-P2
30636,R2333-CW-5,A.02.L2
30637,R1152-WH-CW,MA-C-08-L2
30638,R2365-3,MA-F-10-L2
30639,R2338-DL-10,MA-A-11-L5
30640,R2332-RGBW-10,MA-A-08-L2
30641,R1171-WH-WW,MA-C-12-L2
30641,R1171-WH-WW-Carton24,MA-C-12-L2
30642,R2332-CW-15-V1,A.03.L2
30643,R3520-S-TRI,MA-F-05-L2
30643,R3520-S-TRI-Carton6,MA-F-04-L2
30644,R3250-180-BK-DL_R10503,MA-F-14-L1
30646,R2338-WW-10,MA-A-03-L5
30647,R3520,E.05.L1.P1
30648,R1079-WH-12W-CW-60-V1,B.09.L2
30649,R2213-BK,MA-B-11-L1-P1
30650,R2382-AL-2M-V1,B.01.L3
30651,R2633-R-BK,MA-D-12-L1-P1
30653,R6335-1000,MA-A-16-L1-P2
30655,R6015-BK-RGB,MA-E-09-L2
30656,R2332-WW-5,MA-A-03-L3
30657,R2353-DL-10,MA-A-12-L4
30658,R2631-BK-3M-Carton8,MA-H-01-L1
30658,R2631-BK-3M,MA-H-01-L1
30659,R6054-WH-TRI,MA-E-11-L2
30659,R6054-WH-TRI-Carton10,MA-E-11-L2
30660,R2215-WH-Carton100,MA-B-11-L1-P1
30660,R2215-WH,MA-B-11-L1-P1
30661,R3225-20-BK-DL,MA-C-11-L3-P2
30662,R6010-BK-DL,MA-E-09-L2
30664,R6015-BK-TRI-Carton10,MA-E-09-L1-P2
30664,R6015-BK-TRI,MA-E-09-L1-P2
30665,R1071-BK,MA-B-04-L2
30665,R1071-BK-Carton36,MA-B-04-L2
30666,R3207-TRI,MA-C-03-L2
30666,R3207-TRI-Carton6,MA-C-03-L2
30667,R2353-WW-15,MA-A-04-L5
30670,R2340-XW-8,MA-A-09-L1
30671,TRIM-R1021-BK-Carton240,MA-B-11-L1-P2
30671,TRIM-R1021-BK,MA-B-11-L1-P2
30672,R9996-S-WH-Carton6,MA-G-04-L1-P2
30672,R9996-S-WH,MA-G-04-L1-P1
30673,R3071,MA-F-13-L1-P2
30674,R6070-WH-WW,MA-E-14-L2
30675,R3112,F.08.L1.P2
30676,R3213,MA-C-09-L1-P2
30676,R3213-Carton5,MA-C-09-L1-P2
30677,R2382-BK-2M-V1,B.01.L3
30680,R1076-BK,MA-B-08-L2
30680,R1076-BK-Carton36,MA-B-08-L2
30681,R2351-CW-15,MA-A-06-L5
30682,12v-IP67-040w-Carton20,MA-A-09-L3
30682,12v-IP67-040w,MA-A-09-L3
30683,R2595-BK-WW,MA-D-11-L4
30683,R2595-BK-WW-Carton36,MA-D-11-L3
30684,24v-IP67-300w-DIM,MA-A-10-L1
30685,R1151-WH-CW-Carton12,MA-C-07-L2
30685,R1151-WH-CW,MA-C-07-L2
30686,R3040-150,F.11.L1.P1
30687,RQC,MA-G-02-L1-P2
30690,R2216,MA-B-11-L1-P1
30690,R2216-Carton64,MA-B-11-L1-P1
30691,R2338-CW-15,MA-A-06-L3-P1
30692,R3240-030-BK,F.14.L1.P1
30693,R3560,F.02.L1.P1
30695,R3250-240-BK-DL_R10503,MA-F-14-L1
30698,R107M-12W-WW-60-Carton48,MA-B-15-L2
30698,R107M-12W-WW-60,MA-B-15-L2
30699,R2365-4,MA-F-10-L2
30700,R2383-2M,B.04.L2.P1
30701,R2334-WW-5,A.02.L3
30702,R2201-BK-CW-Carton10,MA-D-07-L6-P2
30702,R2201-BK-CW,MA-D-08-L3
30703,R6091-BK-CW-V1,E.13.L1
30704,R6240-EM-WH-TRI-Carton10,MA-H-11-L1-P2
30704,R6240-EM-WH-TRI,MA-H-10-L1
30705,R3261,MA-F-17-L2
30706,R1076-WH-12W-WW-60,B.08.L2
30707,R1071-A-WH-WW-60,MA-B-03-L2
30709,R2590-BK-CW,MA-D-09-L4-P2
30710,R6071-BK-WW,MA-E-15-L2
30711,R8002-G45-G,MA-D-13-L4
30712,R1076-WH-Carton36,MA-B-08-L2
30712,R1076-WH,MA-B-08-L2
30713,R1091-13-WH-WH-WW,Production
30714,R1042,MA-B-07-L1-P2
30716,R1081-BK-WW-V1,B.10.L2
30718,R2353-CW-15,MA-A-07-L5
30719,R2333-WW-10,MA-A-03-L4
30720,R2101-WH-CW,F.09.L2
30721,R1141-WH-TP,MA-D-14-L3
30723,RCLIPS-R2321,MA-B-02-L1
30723,RCLIPS-R2321-Carton1000,MA-B-02-L1
30724,R9991-WH-Carton20,MA-G-05-L1-P1
30724,R9991-WH,MA-G-04-L1-P2
30725,R2101-SL-TRI,MA-F-09-L2
30726,R2200-WH-CW-Carton10,MA-D-08-L4
30726,R2200-WH-CW,MA-D-08-L4
30727,R2354-WW-10,MA-A-05-L2
30728,R107M-12W-CW-24,MA-B-15-L1
30730,R6236-EYELID-WH,G.12.L1.P2
30731,R2353-CW-5,A.04.L2.P2
30732,R6031-WH,MA-E-08-L1-P2
30732,R6031-WH-Carton12,MA-E-08-L1-P2
30733,R2352-RGBW-10,MA-A-08-L3
30735,R9996-S-BK,MA-G-03-L2
30735,R9996-S-BK-Carton6,MA-G-03-L2
30738,R6075-BK-TRI-V1,E.16.L2
30740,R2332-RGBW-5,A.09.L1
30741,R1306-BK-CW-V1,C.15.L2
30742,R3262-BK-76,MA-F-17-L2
30744,R3265-BK-76,MA-F-16-L1
30746,R2151-WH-C-WW,MA-C-14-L3
30747,R2384-AL-2M-V1,B.01.L3
30748,R6330-WW,MA-A-16-L2
30749,R6053-WH-TRI,MA-E-11-L2
30749,R6053-WH-TRI-Carton10,MA-E-11-L2
30750,R6070-BK-WW,MA-E-17-L2
30751,R6085-WH-CW,MA-F-16-L3
30752,RCLIPS-R2321-1M,MA-B-02-L1-P2
30753,R2207-WH-CW-Carton4,MA-D-07-L3
30753,R2207-WH-CW,MA-D-07-L3
30754,R1092-18-WH-SIL-TRI-Carton18,MA-B-13-L2
30754,R1092-18-WH-SIL-TRI,MA-B-13-L2
30755,R1150-WH-CW,MA-C-06-L2
30755,R1150-WH-CW-Carton18,MA-C-06-L2
30756,R2217-Carton200,MA-B-11-L1-P1
30756,R2217,MA-B-11-L1-P1
30757,R3540-EM-S-CW,A.05.L5.P1
30758,R2384-AL-1M-V1,B.04.L3.P2
30759,R2207-WH-WW,MA-D-07-L3
30759,R2207-WH-WW-Carton10,MA-D-07-L3
30762,R2351-WW-10,MA-A-04-L3
30763,R2151-SC-O-CW,C.15.L3
30764,R1201-BK-WW,MA-C-12-L2
30764,R1201-BK-WW-Carton64,MA-C-12-L2
30765,R2637-L-BK,MA-D-12-L1-P1
30766,R1093-25-BK-SIL-WW,MA-B-16-L6-P2
30767,RCLIPS-R2322-1M-Carton100,MA-B-02-L1-P2
30767,RCLIPS-R2322-1M,MA-B-02-L1
30769,R131M-Reflector-24,MA-A-02-L5-P1
30770,R1075-WH-6W-WW-60,BOM
30772,R3540-EM-DL,E.03.L2.P1
30773,R6240-EM-S-BK-TRI-Carton10,MA-H-10-L2
30773,R6240-EM-S-BK-TRI,MA-H-10-L2
30774,R0100-BK,MA-B-11-L1-P1
30775,R3540-EM-S-TRI,MA-E-04-L1-P1
30775,R3540-EM-S-TRI-Carton6,MA-E-04-L1-P1
30776,R3263-BK-60,MA-F-17-L2
30776,R3263-BK-60-Carton10,MA-F-17-L2
30777,R1094-35-BK-SIL-CW,MA-B-15-L3
30779,24v-IP67-300w,MA-A-10-L1
30779,24v-IP67-300w-Carton10,MA-A-10-L2
30781,R1150-BK-CW,MA-C-06-L2
30781,R1150-BK-CW-Carton18,MA-C-06-L2
30782,R0100-WH,MA-B-11-L1-P1
30785,R3579,MA-F-02-L2
30786,R3220-SL-PE,F.13.L3.P1
30787,R2611-WH,MA-D-12-L1-P2
30789,R1071-WH-WW-60,MA-B-06-L1-P2
30790,R107M-12W-CW-60-V1,B.15.L1
30792,R2351-DL-10,MA-A-12-L5
30793,R2321-CW-5-V1,A.02.L1
30794,R1308-WW,MA-C-15-L2
30795,R2333-WW-5,MA-A-03-L3
30796,R1201-BK-CW,MA-C-12-L2
30798,R2334-CW-6,MA-A-06-L2
30799,R6011-WW,E.09.L2
30800,R6090-BK-CW,MA-E-14-L3
30801,R2631-BK-1M-Carton12,MA-D-07-L5-P1
30801,R2631-BK-1M,MA-D-07-L5-P1
30802,R2152-WH-C-WW,MA-C-08-L3
30804,R6240-EM-S-WH-TRI-Carton10,MA-H-11-L1-P1
30804,R6240-EM-S-WH-TRI,MA-H-10-L2
30805,R6230-WH-TRI,MA-H-08-L1
30806,R2151-WH-O-CW-Carton100,MA-C-08-L3
30806,R2151-WH-O-CW,MA-C-08-L3
30807,R2370-DIFF-5,MA-C-01-L1
30809,R2334-CW-4,MA-A-06-L2
30810,R2201-WH-CW-Carton10,MA-D-08-L3
30810,R2201-WH-CW,MA-D-08-L3
30811,R2590-WH-CW,MA-D-09-L4-P2
30812,R2354-CW-5,A.02.L2
30813,R4000-TRIM-BR,MA-A-13-L1
30814,R107M-12W-CW-60-S-V1,MA-B-15-L1
30815,R2370-DIFF-10,MA-D-14-L5-P1
30816,R3207-TRI-RM-Carton3,MA-C-03-L2
30816,R3207-TRI-RM,MA-C-03-L2
30817,R6084-WH-CW,MA-E-17-L2
30818,R2636-L-WH,MA-D-12-L1-P1
30819,R3070,MA-F-14-L2
30821,R1204-WH-WW-Carton64,MA-C-13-L2
30821,R1204-WH-WW,MA-C-13-L2
30822,R2611-BK,MA-D-12-L1-P2
30823,R107M-12W-WW-24-V1,B.15.L1
30824,R2371-DIFF-5,MA-C-01-L1
30825,R2151-WH-O-WW-Carton100,MA-C-14-L3
30825,R2151-WH-O-WW,MA-C-14-L3
30826,R2351-DL-15,MA-A-12-L3
30827,12v-IP20-012w,MA-A-09-L3
30828,R6092-BK-CW,MA-A-13-L1
30829,R2121 Trim BLK,MA-H-05-L2
30830,R2322-WW-5-V1,A.03.L1
30831,R2152-SC-C-WW,MA-C-08-L3
30832,R2593-D-BK-CW,D.10.L3
30833,R0101-BK,MA-B-11-L1-P1
30834,R2371-DIFF-10,MA-C-01-L1
30836,R2322-DL-5-V1,A.05.L1
30837,R2607-WH,MA-D-12-L1-P2
30838,R3570-S,A.05.L5.P1
30839,R9992-WH-Carton6,MA-G-05-L1-P2
30839,R9992-WH,MA-G-05-L1-P1
30840,R1152-BK-WW,MA-C-08-L2
30841,R0101-WH,MA-B-11-L1-P1
30842,R3520-EM-TRI,MA-F-05-L2
30842,R3520-EM-TRI-Carton6,MA-F-05-L2
30844,R6084-BK-CW,MA-A-13-L1
30845,R1073-WH-WW-60,MA-B-06-L2
30845,R1073-WH-WW-60-Carton36,MA-B-06-L2
30846,R6230-EM-BK-TRI,MA-H-08-L1
30847,R2212-BK,MA-B-11-L1-P1
30848,R3240-120-BK,F.14.L2.P2
30849,R2353-CW-10,MA-A-07-L2
30850,R2152-SC-C-CW,MA-C-08-L3
30852,R1022-Carton30,MA-B-03-L1-P2
30852,R1022,MA-B-03-L1-P2
30853,R2651-BK-1M-RM,MA-D-07-L5-P1
30855,R3141-LENS,F.14.L2
30856,R2352-WW-15,A.05.L3
30857,R3530,A.05.L5.P1
30858,R2321-WW-10-V1,A.03.L1
30859,R6093-BK-CW-V1,E.14.L1.P1
30860,R2322-DL-15-V1,A.05.L1
30861,R1076-WH-WW-60-Carton36,MA-B-06-L1-P1
30861,R1076-WH-WW-24,MA-B-06-L1-P1
30861,R1076-WH-WW-60,MA-B-06-L1-P1
30862,R2651-BK-2M-RM,MA-D-07-L4
30863,R6012-WW,MA-F-16-L3
30864,R6340,MA-A-15-L1-P1
30865,R1901,MA-B-15-L4
30865,R1901-Carton24,MA-B-15-L4
30866,R3570,F.01.L1.P1
30868,R2382-DIFF-5,C.02.L1
30869,R3141-REFLECTOR,F.14.L2
30871,R3221-BK,F.13.L2.P2
30872,R1078-WH-Carton48,MA-B-08-L2
30872,R1078-WH,MA-B-08-L2
30873,R2351-DL-5,A.04.L1.P
30874,R6070-WH-CW,MA-E-14-L2
30875,R2370-WH,B.02.L4
30876,R2592-D-BK-CW,MA-D-11-L3
30877,R1091-13-WH-SIL-WW,MA-B-12-L2
30877,R1091-13-WH-SIL-WW-Carton36,MA-B-12-L2
30878,R2360-XW-10,MA-A-05-L1
30880,R6240-WH-TRI-Carton10,MA-H-10-L1
30880,R6240-WH-TRI,MA-H-10-L1
30881,R1051-SC-TRI-Carton30,MA-B-14-L1
30881,R1051-SC-TRI,MA-B-14-L1
30882,R3263-SL-60,MA-F-17-L1
30883,TRIM-R1021-SC-Carton240,MA-B-11-L1-P2
30883,TRIM-R1021-SC,MA-B-11-L1-P2
30884,R3041-300,MA-F-10-L1-P2
30886,R1093-25-BK-SIL-TRI-Carton12,MA-B-14-L3
30886,R1093-25-BK-SIL-TRI,MA-B-14-L3
30887,R1079-WH-12W-WW-60-V1,B.09.L2
30888,R8002-G45-B,MA-D-13-L4
30889,R2601-BK-1M,MA-D-07-L5-P1
30889,R2601-BK-1M-Carton20,MA-D-07-L1
30890,R2332-CW-5-V1,A.03.L2
30891,R1081-WH-WW-V1,B.10.L1.P2
30892,R3041-200,MA-F-10-L1-P2
30893,R2610-BK,MA-D-12-L1-P2
30894,R2382-DIFF-10,MA-C-02-L1
30895,R2651-BK-3M-RM,MA-H-01-L3
30896,R2352-DL-15,MA-A-12-L4
30897,R1150-WH-WW,MA-C-06-L2
30897,R1150-WH-WW-Carton18,MA-C-06-L2
30898,R2351-WW-15,MA-A-04-L4
30899,R3041-150,MA-F-09-L1-P2
30900,R2383-DIFF-5,C.02.L1
30901,R2334-CW-2,MA-A-06-L2
30902,R1069-WH,MA-B-16-L2
30903,R2369-WW,MA-B-02-L1
30904,R1020-Carton50,MA-B-03-L1-P1
30904,R1020,MA-B-03-L1-P1
30905,R6391-TT,MA-A-15-L3
30906,R1308-CW-Carton8,MA-C-15-L2
30906,R1308-CW,MA-C-15-L2
30907,R2642-BK,MA-D-12-L1-P1
30908,R2383-DIFF-10,C.02.L1
30909,R6336-TRI,MA-A-15-L2
30911,R2180-BK-TRI,D.11.L2
30912,R3265-BK-60,F.16.L1
30913,R1072-BK-Carton48,MA-B-06-L2
30913,R1072-BK,MA-B-06-L2
30914,R1071-ADJ-BK,MA-B-04-L2
30915,12v-IP67-020w-Carton20,MA-A-09-L3
30915,12v-IP67-020w,MA-A-09-L3
30916,R6110,MA-F-08-L2
30916,R6110-Carton20,MA-F-08-L2
30917,R3041-100,MA-F-09-L1-P1
30918,R2333-CW-15,MA-A-05-L5
30920,R2331-CW-10,MA-A-05-L4
30921,R2200-WH-WW-Carton10,MA-D-08-L4
30921,R2200-WH-WW,MA-D-08-L4
30922,R1074-WH,MA-B-07-L2
30922,R1074-WH-Carton48,MA-B-07-L2
30923,R2651-WH-1M-RM,MA-D-07-L5-P1
30924,R3041-050,MA-F-08-L1-P2
30926,R2384-DIFF-5,C.02.L1
30928,R6201-TRI,MA-B-09-L1-P1
30928,R6201-TRI-Carton20,MA-B-09-L1-P1
30930,R1141-BK-PND,MA-D-16-L3
30931,R2384-DIFF-10,MA-C-02-L1
30932,R1073-WH-12W-CW-60,MA-B-06-L2
30932,R1073-WH-12W-CW-60-Carton36,MA-B-06-L2
30934,R2334-CW-8,MA-A-06-L2
30935,R3205-TRI-RM-V2,MA-D-04-L1-P2
30939,R2385_6-DIFF-5,MA-C-01-L1
30940,R3143,MA-F-12-L1-P1
30942,R6105-SS-CW,MA-E-17-L1
30944,R3570-S-TRI-Carton4,MA-F-02-L2
30944,R3570-S-TRI,MA-F-03-L1-P1
30945,R2385_6-DIFF-10,MA-C-01-L1
30947,R2651-WH-2M-RM,MA-D-07-L4
30948,R6104-SS-WW,MA-E-16-L1
30950,R2333-DL-2,MA-A-11-L3
30951,R2386-DIFF-5,C.02.L1
30952,R1140-BK-SA,MA-D-15-L3
30952,R1140-BK-SA-Carton48,MA-D-15-L3
30954,R1079-WH-12W-CW-60,MA-B-09-L2
30955,R6106-BK-WW,MA-E-17-L1
30957,R2360-XW-2,MA-A-09-L1
30959,R2386-DIFF-10,C.01.L1
30962,R3206-TRI-SM-V2,C.06.L1.P1
30964,R1140-WH-WH-60-SM-Carton24,MA-D-13-L3
30964,R1140-WH-WH-60-SM,MA-D-13-L3
30967,R1079-WH-12W-WW-60-Carton36,MA-B-09-L2
30967,R1079-WH-12W-WW-60,MA-B-09-L2
30969,R2340-CW-10-V2,MA-A-06-L3
30971,R6018-CW-Carton20,MA-E-10-L2-P1
30971,R6018-CW,MA-E-10-L2
30973,R2582-WH-CW-60-DALI-V2,MA-D-10-L3-P1
30975,R2333-DL-4,MA-A-11-L5
30977,R1093-25-WH-SIL-TRI,MA-B-13-L2
30977,R1093-25-WH-SIL-TRI-Carton12,MA-B-13-L2
30980,R3530-TRI,MA-E-03-L1-P1
30980,R3530-TRI-Carton6,MA-E-05-L1-P2
30981,R1071-A-BK-12W-WW-60-V2,MA-B-04-L2
30981,R1071-A-BK-12W-WW-60-Carton36,MA-B-04-L2
30983,R3222-BK-60,MA-F-17-L3
30985,R2322-RGBW-15-V2,A.05.L1
30987,R3570-TRI,MA-F-02-L1
30987,R3570-TRI-Carton4,MA-F-03-L1-P1
30989,R107M-6W-WW-60-Carton48,MA-B-07-L4-P2
30989,R107M-6W-WW-60-V2,MA-B-15-L2
30991,R3520-EM-S-TRI-Carton6,MA-F-04-L2
30991,R3520-EM-S-TRI,MA-F-04-L2
30993,R1141-BK-TRIM-60,MA-D-17-L4
30996,R2333-DL-6,MA-A-11-L5
30997,R2323-CW-5,MA-A-06-L1
30999,R6103-BK-WW,MA-E-16-L1
31001,R2651-WH-3M-RM,MA-H-01-L3
31002,R2952,MA-D-12-L1-P2
31007,R2333-DL-8,MA-A-11-L5
31008,R2323-CW-10,MA-A-07-L1
31010,R2582-BK-CW-12-DALI,D.09.L3
31010,R2582-BK-CW-12-DALI-V2,D.09.L3
31014,R2582-BK-CW-60-DALI-V2,MA-D-09-L3-P2
31015,R3205-DL,MA-C-03-L2
31019,R107M-6W-CW-60-Carton48,MA-B-07-L4-P2
31019,R107M-6W-CW-60,MA-B-15-L2
31023,R6105-SS-WW,MA-E-17-L1
31025,R1141-WH-PND-Carton36,MA-D-14-L3
31025,R1141-WH-PND,MA-D-14-L3
31027,R2323-CW-15,MA-A-07-L1
31028,R2958-1,MA-D-12-L1-P2
31032,12v-IP67-300W-Carton10,MA-A-10-L3
31032,12v-IP67-300W,MA-A-10-L3
31036,R2652-BK,MA-C-12-L3
31037,R3540-EM-TRI,MA-E-02-L1
31037,R3540-EM-TRI-Carton6,MA-E-02-L1
31039,R2955,MA-D-08-L5
31041,R2323-WW-5,MA-A-04-L1
31042,R1140-BK-BK-60-SM-Carton24,MA-D-15-L3
31042,R1140-BK-BK-60-SM,MA-D-15-L3
31045,R3205-TRI-SM-V2,MA-D-04-L1-P1
31047,R2958-2,MA-D-12-L1-P2
31051,R2354-CW-4,MA-A-07-L3
31052,R6104-BK-WW-Carton50,MA-E-16-L1
31052,R6104-BK-WW,MA-E-16-L1
31054,R1094-30-BK-SIL-TRI-Carton12,MA-B-16-L3
31054,R1094-30-BK-SIL-TRI,MA-B-16-L3
31057,R6103-SS-CW,MA-E-15-L1
31061,R2956,D.12.LEFTSHELF.L1
31063,R2323-WW-10,MA-A-05-L1
31064,R1140-WH-TK-Carton48,MA-D-13-L3
31064,R1140-WH-TK,MA-D-13-L3
31067,R2652-WH,MA-C-12-L3
31068,R2950,MA-D-12-L1-P2
31070,R1073-BK-15W-WW-60,BOM
31072,R6106-SS-CW,MA-E-17-L1
31075,R2354-CW-6,MA-A-07-L3
31076,R2958-3,MA-D-12-L1-P2
31078,R1140-WH-SA-Carton48,MA-D-13-L3
31078,R1140-WH-SA,MA-D-13-L3
31080,R3601-WH,MA-D-05-L2
31082,R2653-L-BK,MA-C-12-L3
31083,R6330-500-CW,BOM
31084,R2958-4,MA-D-12-L1-P2
31086,R2331-DL-2,A.02.L4
31088,R3205-TRI-V2,MA-D-05-L1-P2
31091,R2360-XW-4,MA-A-09-L1
31092,R3205-UGR19-25-CW-COI,MA-C-03-L2
31092,R3205-UGR19-25-CW-COI-Carton6,MA-C-03-L2
31095,R3570-EM-TRI,MA-F-03-L1-P2
31095,R3570-EM-TRI-Carton4,MA-F-03-L1-P1
31098,R2957,MA-D-12-L1-P2
31100,R6105-BK-WW,MA-E-17-L1
31103,R2653-L-WH,MA-C-12-L3
31105,R1141-BK-TK,MA-D-16-L3
31109,R6330-500-WW,BOM
31110,12v-IP67-200W,MA-A-10-L3
31110,12v-IP67-200W-Carton15,MA-A-10-L3
31113,R2582-BK-CW-24-DALI-V2,D.09.L3
31113,R2582-BK-CW-24-DALI,D.09.L3
31114,R2653-R-BK,MA-C-12-L3
31120,R6084-WH-TRI-V1,E.17.L2
31121,R6330-900-CW,BOM
31125,R6084-BK-TRI-V1,E.17.L2
31127,R6085-WH-TRI-V1,MA-E-11-L1
31130,R2653-R-WH,MA-C-12-L3
31131,R6330-900-WW,BOM
31132,R6085-BK-TRI-V1,E.11.L1
31134,R1141-BK-BK-60-SM,MA-D-16-L3
31134,R1141-BK-BK-60-SM-Carton12,MA-D-16-L3
31137,R9994,MA-G-01-L2
31137,R9994-Carton10,MA-G-01-L2
31140,R3550-TRI,MA-F-03-L2
31140,R3550-TRI-Carton4,MA-E-03-L1-P2
31142,R2338-DL-2,MA-A-11-L4-P2
31144,RCLIPS-BATTEN-SS,MA-C-01-L2
31146,R6104-SS-CW,MA-E-16-L1
31149,R1140-WH-TRIM-36,MA-D-15-L4
31149,R1140-WH-TRIM-36-Carton100,MA-D-15-L4
31153,R2654-BK,MA-C-12-L3
31155,R1094-30-WH-SIL-TRI,MA-B-14-L3
31155,R1094-30-WH-SIL-TRI-Carton12,MA-B-14-L3
31159,R2338-DL-4,MA-A-11-L4-P2
31160,R6331-500-CW,BOM
31161,R6103-SS-WW,MA-E-15-L1
31167,R3206-UGR19-25-CW-COI-Carton6,MA-C-10-L1-P2
31167,R3206-UGR19-25-CW-COI,MA-D-11-L1
31169,R1140-BK-PND-Carton96,MA-D-15-L3
31169,R1140-BK-PND,MA-D-15-L3
31173,R1141-GLD-TRIM-60,MA-D-16-L4
31173,R1141-GLD-TRIM-60-Carton50,MA-D-16-L4
31175,R6233-S-WH-TRI,BOM
31177,R4000-TRIM-BK,MA-A-13-L1
31180,R2338-DL-6,MA-A-11-L5
31186,R2360-XW-6,A.04.L3.P
31191,R2582-BK-WW-60-DALI-V2,MA-D-10-L3-P1
31197,R2654-WH,MA-C-12-L3
31198,R6103-BK-CW,MA-E-15-L1
31201,R3570-EM-S-TRI,MA-E-03-L1-P2
31201,R3570-EM-S-TRI-Carton4,MA-F-02-L2
31205,R6018-WW-Carton20,MA-E-10-L2
31205,R6018-WW,MA-E-10-L2
31207,R2582-BK-CW-36-DALI,D.09.L3
31208,R2323-WW-15,MA-A-11-l4
31211,R3601-BK,MA-D-05-L2
31212,R2655-BK,MA-C-13-L3
31213,R6334-1000-15W-CW,BOM
31214,R6106-SS-WW,MA-E-17-L1
31214,R6106-SS-WW-Carton20,MA-E-17-L1
31216,R2338-DL-8,MA-A-11-L5
31219,R3146-S,MA-F-12-L1-P1
31223,R1160-BK,MA-C-09-L2
31226,R1141-WH-WH-60-SM-Carton12,MA-D-14-L3
31226,R1141-WH-WH-60-SM,MA-D-14-L3
31234,R1072-WH-12W-WW-60,B.06.L2
31238,R3206-CW-V2,MA-C-03-L1-P2
31243,R2340-CW-2-V2,MA-A-06-L3
31245,R6334-1000-15W-WW,BOM
31252,R1141-WH-TRIM-60,MA-D-17-L4
31254,R6233-EM-WH-TRI,BOM
31259,R1140-BK-TRIM-60,MA-D-15-L4
31269,R1140-WH-PND-Carton24,MA-D-13-L3
31269,R1140-WH-PND,MA-D-13-L3
31273,R2340-CW-4-V2,MA-A-06-L3
31275,RSS4,MA-D-13-L2
31275,RSS4-Carton100,MA-D-13-L2
31276,R2381-AL-2M,MA-B-01-L3
31277,R-BP-WH-V1,D.13.L1
31278,R3550-EM-TRI,MA-F-03-L2
31278,R3550-EM-TRI-Carton4,MA-F-03-L2
31279,R-SW1-WH-V1,MA-G-17-L4-P2
31280,R6232-BK-TRI,MA-H-07-L1-P1
31280,R6232-BK-TRI-Carton10,MA-H-08-L1
31281,R-WPI120,MA-D-17-L1
31282,R6104-BK-CW,MA-E-16-L1
31283,R-SW2-WH-V1,MA-G-16-L5-P1
31284,R2381-AL-3M,MA-H-01-L2
31287,R2383-AL-1M,MA-B-01-L2
31288,R6233-WH-TRIM,MA-G-07-L2
31288,R6233-WH-TRIM-Carton20,MA-G-07-L2
31289,R1146-BK-BK-60-SM-Carton24,MA-D-17-L3
31289,R1146-BK-BK-60-SM,MA-D-17-L3
31290,R2383-AL-2M,MA-B-01-L3
31293,R2385-AL-1M,B.01.L1
31295,R2385-AL-2M,MA-B-02-L3
31296,R-SW3-WH-V1,MA-G-14-L5-P1
31298,R6106-BK-CW,MA-E-17-L1
31299,R-SLSW6-WH-V1,MA-G-16-L4-P1
31300,R1146-WH-WH-60-SM,MA-D-17-L3
31300,R1146-WH-WH-60-SM-Carton24,MA-D-17-L3
31301,R2385-AL-3M,MA-H-01-L5
31302,R2386-WH-1M,MA-B-01-L1
31304,R2340-CW-6-V2,MA-A-06-L3
31305,R2386-WH-2M,MA-B-02-L3
31307,R-SW4-WH-V1,MA-G-14-L4-P1
31308,R2386-WH-3M,MA-H-01-L3
31309,R-WPI132,MA-D-17-L1
31311,R2655-WH,MA-C-13-L3
31312,R6234-WH-TRIM-Carton20,MA-G-07-L2
31312,R6234-WH-TRIM,MA-G-07-L2
31314,R1141-GLD-TRIM-36,MA-D-16-L4
31316,R2370-BK-2M,MA-B-02-L4
31318,R2370-BK-3M,MA-H-01-L4
31320,R-WPI220,MA-D-17-L1
31320,R-WPI220-Carton50,MA-D-17-L1
31322,R2331-DL-8,A.02.L4
31323,R3146-Remote,MA-F-12-L1-P1
31325,R2370-WH-2M,MA-C-05-L1-P1
31327,R2370-WH-3M,MA-H-01-L4
31328,R6051-SS-TRI-Carton10,MA-E-09-L3-P2
31328,R6051-SS-TRI,MA-E-11-L3
31330,R-SLGPO1-WH-V1,MA-G-17-L4-P2
31332,R-WPGPO1,MA-D-16-L1
31333,R-SW5-WH-V1,MA-G-14-L4-P1
31334,R1141-WH-TK,MA-D-14-L3
31336,R1147-BK-BK-60-SM-Carton12,MA-D-17-L3
31336,R1147-BK-BK-60-SM,MA-D-17-L3
31339,R2340-CW-8-V2,MA-A-06-L3
31340,R2371-BK-2M,B.04.L1.P2
31342,R-SW6-WH-V1,MA-G-14-L4-P1
31343,R2371-BK-3M,B.04.L1.P2
31344,R6334-500-15W-WW,BOM
31345,R6105-BK-CW,MA-E-16-L1
31348,R-WPGPO2,MA-C-14-L1-P1
31348,R-WPGPO2-Carton40,MA-C-14-L1-P1
31350,R-SLGPO2-WH-V1,MA-G-17-L4-P1
31353,R1140-BK-TRIM-36-Carton100,MA-D-15-L4
31353,R1140-BK-TRIM-36,MA-D-15-L4
31355,R3602-WH,MA-F-10-L1-P2
31356,R2371-WH-2M,MA-H-06-L2-P1
31357,R6052-SS-TRI-Carton10,MA-E-11-L3
31357,R6052-SS-TRI,MA-E-11-L3
31358,R3142,MA-F-15-L2
31359,R-GPO1-WH-V1,MA-G-16-L4-P2
31360,R-WPGPO1-15,MA-D-16-L1
31361,R1147-WH-WH-60-SM,MA-D-17-L3
31361,R1147-WH-WH-60-SM-Carton12,MA-D-17-L3
31363,R6017-CW-Carton20,MA-E-09-L2
31363,R6017-CW,MA-E-09-L2
31364,R6015-SS-TRI,MA-E-09-L2
31364,R6015-SS-TRI-Carton10,MA-E-09-L2
31365,R-WPGPO2-15,MA-D-16-L1
31367,R2371-WH-3M,B.04.L1.P2
31369,R-SLGPO2-15-WH-V1,MA-G-16-L4-P1
31372,R2396-AL-2M-Carton33,MA-B-01-L4
31372,R2396-AL-2M,MA-B-01-L4
31374,R-SLGPO2X-WH-V1,MA-G-17-L4-P2
31376,R3590,MA-F-02-L2
31376,R3590-Carton20,MA-F-05-L1-P2
31377,R-GPO1-15-WH-V1,MA-G-17-L4-P2
31379,R2396-AL-3M,MA-H-01-L3
31381,R1141-BK-SA,MA-D-16-L3
31383,R-WPGPO2X,MA-D-16-L1
31385,R2360-XW-8,MA-A-10-L1
31386,R3560-TRI-Carton6,MA-F-05-L1-P1
31386,R3560-TRI,MA-F-05-L1-P1
31388,R2656-L-BK,MA-C-13-L3
31389,R6007-BK-DL-V2,MA-E-09-L2
31389,R6007-BK-DL-V2-Carton50,MA-E-09-L2
31393,R6078-BK-TRI-V1,E.17.L2
31394,R6336-1000-TRI,BOM
31395,R2340-WW-5-V2,A.06.L3
31396,R6235-WH-TRIM,MA-G-08-L2
31397,R6053-SS-TRI,MA-E-11-L2
31397,R6053-SS-TRI-Carton10,MA-E-11-L2
31398,R6007-BK-WW-Carton50,MA-E-09-L1-P1
31398,R6007-BK-WW,MA-E-09-L1-P1
31399,R-GPO1X-WH-V1,MA-G-17-L4-P2
31400,R2341-DL-4,MA-A-12-L2
31401,R6010-BK-DL-V2,E.09.L2
31401,R6010-BK-DL-V2-Carton50,E.09.L2
31403,R1140-GLD-TRIM-60,MA-D-15-L4
31405,R2582-BK-WW-12-DALI,D.09.L3
31406,R6010-BK-WW,MA-E-08-L2
31406,R6010-BK-WW-Carton50,MA-E-08-L2
31409,R6084-BK-TRI-Carton24,MA-E-17-L2
31409,R6084-BK-TRI,MA-E-17-L2
31413,R2360-WW-5-V2,A.04.L3.P
31414,R6084-WH-TRI-Carton24,MA-E-17-L2
31414,R6084-WH-TRI,MA-E-17-L2
31415,R-VMB,MA-D-17-L1
31415,R-VMB-Carton200,MA-D-17-L1
31417,R2360-WW-10-V2,MA-A-05-L4
31418,R3206-TRI-RM-V2,C.06.L1.P2
31420,R6085-BK-TRI,MA-F-16-L3
31420,R6085-BK-TRI-Carton12,MA-E-11-L1
31421,R-SMB25-Carton100,MA-D-11-L1
31421,R-SMB25,MA-D-17-L2
31422,R6232-WH-TRI-Carton10,MA-H-07-L1-P2
31422,R6232-WH-TRI,MA-H-07-L1-P2
31424,R6085-WH-TRI-Carton12,MA-E-11-L1
31424,R6085-WH-TRI,MA-F-16-L3
31426,R2341-DL-6,MA-A-12-L2
31427,R6075-BK-TRI,MA-E-16-L2
31427,R6075-BK-TRI-Carton18,MA-E-16-L2
31428,R-HDMI,MA-D-17-L2
31429,R9996-R-BK,BOM
31430,R6075-WH-TRI,MA-E-15-L2
31430,R6075-WH-TRI-Carton18,MA-E-15-L2
31432,R-GPO2-WH-V1,MA-G-15-L5-P2
31434,R6076-BK-TRI-Carton18,MA-E-16-L2
31434,R6076-BK-TRI,MA-E-16-L2
31438,R6076-WH-TRI-Carton18,MA-E-16-L2
31438,R6076-WH-TRI,MA-E-16-L2
31440,R6054-SS-TRI-Carton10,MA-E-11-L2
31440,R6054-SS-TRI,MA-E-11-L2
31442,R2214-5M-Carton40,MA-B-11-L1-P1
31442,R2214-5M,MA-B-11-L1-P1
31443,R3302-020-CW,MA-F-11-L2
31443,R3302-020-CW-Carton4,F.11.L2
31446,R6232-S-WH-TRI,MA-H-08-L1
31448,R-HMB,MA-D-17-L1
31448,R-HMB-Carton200,MA-D-17-L1
31453,R-GPO2-15-WH-V1,MA-G-17-L4-P2
31456,R1069-WH-12W-CW-60,MA-B-16-L3
31458,R2582-BK-WW-24-DALI,D.09.L3
31459,R1141-BK-TRIM-36,MA-D-16-L4
31460,R6234-S-WH-TRI,BOM
31462,R3303-040-CW,MA-F-10-L2
31463,R6078-WH-TRI-V1,E.16.L2
31465,R9996-R-WH,BOM
31466,R6233-BK-TRIM-Carton20,MA-G-07-L2
31466,R6233-BK-TRIM,MA-G-07-L2
31467,R-PMB,MA-D-16-L2
31467,R-PMB-Carton100,MA-D-16-L2
31469,R1140-WH-TRIM-60,MA-D-15-L4
31470,R-GPO2X-WH-V1,MA-G-17-L4-P2
31471,R6078-BK-TRI-Carton18,MA-E-16-L2
31471,R6078-BK-TRI,MA-E-16-L2
31475,R6078-WH-TRI-Carton18,MA-E-16-L2
31475,R6078-WH-TRI,MA-E-16-L2
31477,R2130-WH-TRI,MA-E-05-L1-P2
31477,R2130-WH-TRI-Carton8,MA-E-05-L1-P2
31478,R6030-BK,BOM
31480,R6079-BK-TRI-Carton12,MA-E-17-L2
31480,R6079-BK-TRI,MA-E-17-L2
31483,R-PMBS,MA-D-16-L2
31485,R6232-S-BK-TRI,MA-H-08-L1
31485,R6232-S-BK-TRI-Carton10,MA-H-08-L1
31488,R6079-WH-TRI,MA-E-16-L2
31488,R6079-WH-TRI-Carton12,MA-E-16-L2
31490,R2323-WW-2,MA-A-03-L5
31498,R1140-GLD-TRIM-36,MA-D-15-L4
31500,R6070-BK-CW,MA-E-15-L2
31502,R3303-070-CW,MA-F-11-L3
31503,R-UMB,MA-D-17-L1
31505,R2656-L-WH,MA-C-13-L3
31506,R6017-WW-Carton20,MA-E-10-L2
31506,R6017-WW,MA-E-10-L2
31507,R6030-WH,BOM
31508,R6070-BK-WW-V2,MA-E-14-L3
31508,R6070-BK-WW-Carton12,MA-E-14-L3
31513,R6070-WH-CW-V2,E.14.L2
31515,R-MB18-V1,MA-C-15-L4-P2
31516,R6033-BK,BOM
31517,R2656-R-BK,MA-C-13-L3
31518,R6070-WH-WW-V2,E.14.L2
31519,R-SMI10,MA-D-17-L3
31521,R-GPO2USBC-WH,Production
31523,R2582-BK-WW-36-DALI,D.09.L3
31525,R6033-WH,BOM
31526,C328-42600DB-F-Carton50,MA-A-01-L4-P2
31526,C328-42600DB-F,MA-A-01-L4-P2
31527,R6071-BK-CW-V2-Carton12,MA-E-15-L2
31527,R6071-BK-CW-V2,MA-E-15-L2
31531,R6071-BK-WW-V2-Carton12,E.15.L2
31531,R6071-BK-WW-V2,E.15.L2
31533,R1079-WH-WW-60-Carton36,MA-B-09-L2
31533,R1079-WH-WW-60,MA-B-09-L2
31534,R6071-WH-CW,MA-E-15-L2
31534,R6071-WH-CW-V2,MA-E-15-L2
31534,R6071-WH-CW-V2-Carton12,MA-E-15-L2
31535,R1073-WH-9W-WW-60-V2,BOM
31536,R1141-WH-TRIM-36-Carton100,MA-D-16-L4
31536,R1141-WH-TRIM-36,MA-D-16-L4
31538,R6071-WH-WW-V2,E.15.L2
31542,R6090-BK-CW-V2,MA-E-14-L3
31542,R6090-BK-CW-V2-Carton36,MA-E-14-L3
31544,R2656-R-WH,MA-C-13-L3
31545,C350-421100DB-F-Carton50,MA-B-03-L4-P2
31545,C350-421100DB-F,MA-B-03-L4-P2
31547,R6090-BK-WW,MA-E-14-L3
31549,R-GP1-WH-V1,MA-G-15-L4-P1
31550,R6234-BK-TRIM,MA-G-07-L2
31552,R6091-BK-CW,MA-E-13-L2
31552,R6091-BK-CW-Carton24,MA-E-13-L2
31555,R2132-WH-TRI-Carton8,MA-H-07-L1-P2
31555,R2132-WH-TRI,MA-F-05-L1-P2
31557,R6091-BK-WW,MA-E-13-L2
31557,R6091-BK-WW-Carton24,MA-E-13-L2
31558,R-SMDP35-V1,MA-D-17-L3
31561,R2351-CW-2,MA-A-06-L4
31562,R6092-BK-CW-V2,MA-E-13-L2
31563,R-GP2-WH-V1,MA-G-14-L4-P1
31565,R2657-L-BK,MA-C-13-L3
31566,R6092-BK-WW,MA-E-13-L2
31568,R3602-BK,MA-F-10-L1-P2
31569,R-GP3-WH-V1,MA-G-15-L4-P1
31571,R6093-BK-CW,MA-E-14-L1
31573,R-SM35,MA-D-17-L3
31577,R6093-BK-WW,MA-E-14-L1
31577,R6093-BK-WW-Carton24,MA-E-14-L1
31578,R2121-DEEP,BOM
31579,R-USB-C-V1,D.17.L2
31580,R6016-WW-Carton20,MA-E-09-L2
31580,R6016-WW,MA-E-09-L2
31582,R-MB34,MA-D-17-L2
31585,R6094-BK-CW-Carton12,MA-E-13-L6-P2
31585,R6094-BK-CW,MA-E-14-L2
31587,R-GP4-WH-V1,MA-G-14-L4-P1
31588,R-SLBP-WH-V1,MA-G-16-L4-P1
31590,R6235-BK-TRIM,MA-G-08-L2
31593,R6094-BK-WW,MA-E-14-L2
31593,R6094-BK-WW-Carton12,MA-E-14-L2
31594,R2351-CW-4,MA-A-06-L4-P2
31596,R2657-L-WH,MA-C-13-L3
31597,R-SLSW1-WH-V1,MA-G-17-L4-P1
31599,R2323-WW-4,MA-A-04-L1-P1
31601,R6079-WH-TRI-V1,E.17.L2
31604,R1141-WH-SA,MA-D-14-L3
31607,R-GP5-WH-V1,MA-G-17-L5-P1
31614,R-GPO4-WH-V1,MA-D-17-L1
31616,R6234-EM-WH-TRI,BOM
31618,R2121-SLIM-BK,BOM
31619,R-SLSW2-WH-V1,MA-G-17-L4-P1
31624,R-GP6-WH-V1,MA-G-17-L5-P1
31629,R2657-R-BK,MA-C-14-L3
31630,R2351-CW-6,A.09.L2
31635,12v-IP20-020w,A.07.L3
31641,R6233-BK-TRI,BOM
31642,R3269-BK-76,MA-F-15-L3
31644,R-SLSW3-WH-V1,MA-G-15-L5-P1
31646,R2322-RGBW-2,MA-A-08-L1
31648,R-SLGP1-WH-V1,MA-G-16-L4-P1
31650,R2582-WH-TRI-60,D.11.L1.P2
31652,R6016-CW,MA-E-09-L2
31657,R-CAT6-V1,MA-D-17-L2
31659,R-SLSW4-WH-V1,MA-G-17-L4-P1
31660,R2351-CW-8,MA-A-06-L5
31664,R2582-WH-CW-12-DALI,D.09.L3
31664,R2582-WH-CW-12-DALI-V2,D.09.L3
31668,R1208-BK-CW-Carton64,MA-E-15-L3
31668,R1208-BK-CW,MA-E-15-L3
31669,R6233-WH-TRI,BOM
31673,R3202-WW,A.01.L5
31677,R2323-WW-6,MA-A-04-L1-P1
31679,R4000-BASE,MA-A-13-L1
31683,R-SLSW5-WH-V1,MA-G-17-L4-P1
31688,R-BP-WH,MA-D-13-L1-P1
31696,R2352-CW-10-V2,MA-A-07-L2
31697,R6234-BK-TRI,BOM
31700,R2657-R-WH,MA-C-13-L3
31709,R1208-BK-WW-Carton64,MA-E-15-L3
31709,R1208-BK-WW,MA-E-15-L3
31710,R2333-CW-2,MA-A-05-L5
31711,R6234-WH-TRI,BOM
31712,R2582-BK-CW-60-DALI,MA-D-09-L3
31716,R-CAT6,MA-D-17-L2
31719,R3603-WH,MA-D-05-L2
31722,R-SLGP5-WH-V1,MA-G-16-L4-P1
31724,R2352-DL-2-V2,MA-A-12-L5
31731,R-SMDP35-COOKER,MA-D-17-L3
31736,R-TVPAL-F,MA-D-17-L2
31739,R2352-DL-4-V2,A.10.L4
31744,R2660,MA-C-14-L3
31745,R6235-BK-TRI,BOM
31750,R-SLGP6-WH-V1,MA-G-16-L4-P1
31754,R-SM35-COOKER,MA-D-17-L3
31758,R-GP1-WH,MA-D-13-L1
31762,R1208-WH-CW,MA-E-15-L3
31762,R1208-WH-CW-Carton64,MA-E-15-L3
31765,R2352-DL-6-V2,MA-A-12-L5
31766,R6235-WH-TRI,BOM
31767,R-RJ11,MA-D-17-L4
31768,R2323-WW-8,MA-A-04-L1
31775,R2582-WH-CW-24-DALI,D.09.L3
31782,R-TVF-F-V1,MA-D-17-L2
31797,R2352-DL-8-V2,MA-A-12-L4-P1
31800,R2333-CW-4,MA-A-05-L5
31802,R2582-BK-WW-60-DALI,MA-D-10-L3
31804,R1208-WH-WW-Carton64,MA-E-14-L4
31804,R1208-WH-WW,MA-E-14-L4
31807,R-GP2-WH,MA-D-13-L1
31810,R2360-CW-2-V2,MA-A-07-L3
31825,R2160-BK-CW,MA-E-13-L4
31834,R1081-BK-CW-Carton36,MA-B-10-L2
31834,R1081-BK-CW,MA-B-10-L2
31842,R-GP3-WH,MA-D-13-L1
31845,R2322-RGBW-4,MA-A-08-L1
31850,R2582-WH-CW-36-DALI,D.09.L3
31857,R3270-BK-76,MA-F-15-L1
31866,R2360-CW-4-V2,MA-A-07-L3
31872,R2582-WH-CW-60-DALI,MA-D-10-L3
31878,R6073-BK-TRI,MA-F-07-L2
31878,R6073-BK-TRI-Carton18,MA-F-07-L2
31884,R2160-BK-WW,MA-E-13-L4
31886,R-GP4-WH,MA-D-13-L1
31902,R2360-CW-6-V2,MA-A-07-L4
31905,R3603-BK,MA-D-05-L2
31907,R2333-CW-6,MA-A-05-L5
31909,R2582-WH-WW-60-DALI,MA-D-10-L3
31915,R-GP5-WH,MA-D-13-L1
31927,R6073-WH-TRI,MA-F-07-L2
31927,R6073-WH-TRI-Carton18,MA-F-07-L2
31947,R-GP6-WH,MA-D-14-L1
31956,R2160-WH-CW-Carton50,MA-E-13-L4-P1
31956,R2160-WH-CW,MA-E-13-L4
31975,R-GPO1-15-WH,MA-D-14-L2
31980,R2582-WH-WW-12-DALI,D.09.L3
31988,R2360-CW-8-V2,MA-A-07-L4
32001,R2362-RGB-2,MA-A-08-L3
32004,R2333-CW-8,MA-A-05-L5
32008,R-GPO1-WH,MA-D-14-L2
32027,R6074-BK-TRI,MA-F-07-L2
32027,R6074-BK-TRI-Carton18,MA-F-07-L2
32033,R6235-EM-WH-TRI,BOM
32036,R2322-RGBW-6,MA-A-08-L1
32041,R2160-WH-WW-Carton50,MA-E-13-L4
32041,R2160-WH-WW,MA-E-13-L4
32057,R-GPO1X-WH,MA-D-14-L2
32060,R2580-BK-TRI-60-V2,MA-D-09-L2-P1
32087,R-GPO2-15-WH,MA-D-14-L1
32087,R-GPO2-15-WH-Carton100,MA-D-14-L1
32095,R2582-WH-WW-24-DALI,D.09.L3
32099,R2161-BK-CW,MA-E-14-L4
32108,R6234-EM-S-BK-TRI,BOM
32113,R2362-RGB-4,A.04.L4.P1
32118,R2323-CW-2,MA-A-07-L1-P1
32126,R-GPO2-WH,MA-C-15-L1-P1
32126,R-GPO2-WH-Carton100,MA-C-15-L1-P1
32130,R6074-WH-TRI,MA-F-07-L2
32130,R6074-WH-TRI-Carton18,MA-F-07-L2
32135,R3571-EM-S-TRI-Carton6,MA-C-13-L1-P2
32135,R3571-EM-S-TRI,MA-C-13-L1-P2
32161,R-GPO2X-WH,MA-D-14-L2
32161,R-GPO2X-WH-Carton100,MA-D-14-L2
32179,R2334-DL-6,A.04.L4
32185,R2161-BK-WW,MA-E-14-L4
32193,R2322-RGBW-8,MA-A-08-L1
32200,R2362-RGB-6,MA-A-08-L3-P2
32203,R6234-EM-S-WH-TRI,BOM
32205,R-GPO4-WH,MA-D-17-L1
32213,R2323-CW-4,MA-A-07-L1-P1
32228,R-MB18-Carton120,MA-D-16-L2
32228,R-MB18,MA-D-16-L2
32237,R2161-WH-CW,MA-E-13-L4
32262,R-MB36-Carton80,MA-D-16-L2
32262,R-MB36,MA-D-16-L2
32268,R2582-WH-WW-36-DALI,D.09.L3
32298,R2161-WH-WW,MA-E-13-L4
32298,R2161-WH-WW-Carton50,MA-E-13-L4
32305,R-WPI320-L,MA-D-17-L4
32320,R2362-RGB-8,A.04.L4.P1
32326,R2323-CW-6,MA-A-07-L1-P1
32343,R2338-CW-2,MA-A-06-L2
32364,R-SLBP-WH,MA-D-14-L1
32373,R2162-BK-CW,MA-E-14-L4
32389,R-SLGP1-WH,MA-D-14-L1
32389,R-SLGP1-WH-Carton200,MA-D-14-L1
32407,R2323-CW-8,MA-A-07-L1-P1
32422,R2338-CW-4,MA-A-06-L2
32429,R6235-EM-S-WH-TRI,BOM
32441,R-SLGP2-WH,MA-D-14-L1
32441,R-SLGP2-WH-Carton200,MA-D-14-L1
32451,R2162-BK-WW,MA-E-14-L4
32464,R3222-BK-CW-60,F.17.L3
32481,R-SLGP3-WH-Carton200,MA-D-15-L1
32481,R-SLGP3-WH,MA-D-15-L1
32507,R2338-CW-6,MA-A-06-L2
32510,R6233-EM-S-BK-TRI,BOM
32511,R3077-LENS-F14505,MA-F-13-L2-P1
32521,R2162-WH-CW,MA-E-14-L4
32525,R-SLGP4-WH-Carton200,MA-D-15-L1
32525,R-SLGP4-WH,MA-D-15-L1
32528,R-WPI335-L,MA-D-17-L4
32566,R-SLGP5-WH,MA-D-15-L1
32566,R-SLGP5-WH-Carton200,MA-D-15-L1
32591,R2162-WH-WW,MA-E-14-L4
32607,R2322-CW-2,MA-A-11-L4
32615,R2338-CW-8,MA-A-06-L3
32629,R6233-EM-S-WH-TRI,BOM
32640,R-SLGP6-WH-Carton200,MA-D-15-L1
32640,R-SLGP6-WH,MA-D-15-L1
32704,R2338-WW-2,MA-A-03-L5
32707,R-SLGPO1-WH-Carton100,MA-D-15-L1
32707,R-SLGPO1-WH,MA-D-15-L1
32715,R2322-CW-4,MA-A-05-L1
32744,R-SLGPO1-15-WH,MA-D-15-L2
32771,R-SLGPO2-15-WH,MA-D-16-L2
32771,R-SLGPO2-15-WH-Carton100,MA-D-16-L2
32823,R2338-WW-4,MA-A-03-L5
32840,R-SLGPO2-WH,MA-D-15-L1
32840,R-SLGPO2-WH-Carton100,MA-D-15-L1
32852,R2322-CW-8,MA-A-04-L1
32910,R-SLGPO2X-WH,MA-D-16-L2
32910,R-SLGPO2X-WH-Carton100,MA-D-16-L2
32924,R3250-450-BK-CW_R10503,MA-F-14-L1
32931,R2382-WH-2M,MA-B-01-L3
32938,R3056,MA-F-17-L3
32945,R2338-WW-6,MA-A-03-L5
32950,R-SLSW1-WH-Carton100,MA-C-15-L1-P2
32950,R-SLSW1-WH,MA-C-15-L1-P2
32969,R6090-12V-WH-CW,MA-E-13-L3
32969,R6090-12V-WH-CW-Carton36,MA-E-13-L3
32991,R2581-BK-TRI-60,MA-D-09-L2
32991,R2581-BK-TRI-60-V2-Carton12,MA-D-09-L2
32999,R107M-WW-24,MA-B-15-L1
33003,R-SLSW2-WH,MA-D-14-L2
33003,R-SLSW2-WH-Carton100,MA-D-14-L2
33023,R6090-12V-WH-WW,MA-E-13-L3
33030,R2338-WW-8,MA-A-03-L5-P1
33036,R2321-CW-2,MA-A-11-L2
33052,R-SLSW3-WH,MA-D-15-L2
33052,R-SLSW3-WH-Carton100,MA-D-15-L2
33067,R2581-WH-TRI-60-V2,MA-D-10-L2-P1
33090,R2321-CW-4,MA-A-11-L2
33110,R-SLSW4-WH-Carton100,MA-D-15-L2
33110,R-SLSW4-WH,MA-D-15-L2
33126,R6090-WH-CW,MA-E-13-L3
33153,R2384-WH-2M,MA-B-02-L3
33158,R3571-S-TRI-Carton6,MA-C-13-L1-P1
33158,R3571-S-TRI,MA-C-13-L1-P1
33187,R2321-CW-6,MA-A-11-L2
33202,R-SLSW5-WH-Carton100,MA-D-15-L2
33202,R-SLSW5-WH,MA-D-15-L2
33238,R2321-CW-8,MA-A-11-L2
33245,R-SLSW6-WH-Carton100,MA-D-15-L2
33245,R-SLSW6-WH,MA-D-15-L2
33280,R2341-DL-2,MA-A-12-L5
33300,R-SM16,MA-D-17-L2
33306,R6090-WH-WW,MA-E-13-L3
33317,R2321-CW-5,MA-A-05-L1
33386,R2341-DL-8,MA-A-12-L2
33414,R2403,MA-D-12-L2
33426,R-SMDP35-Carton400,MA-D-17-L3
33426,R-SMDP35,MA-D-17-L3
33428,R2321-RGBW-15,MA-A-08-L1
33432,R6091-WH-CW,MA-E-14-L3
33443,R2321-CW-10,MA-A-05-L1
33450,R2321-WW-5,MA-A-03-L1
33468,R2351-DL-2,MA-A-12-L5
33490,R3571-EM-TRI-Carton6,MA-C-12-L1-P2
33490,R3571-EM-TRI,MA-C-12-L1-P2
33513,R2321-WW-10,MA-A-03-L1
33542,R6091-WH-WW,MA-E-13-L2
33550,R-SW1-WH,MA-C-14-L1-P2
33553,R2321-WW-15,MA-A-03-L1
33569,R2351-DL-4,MA-A-12-L3
33581,R2321-CW-15,MA-A-05-L1
33590,R2322-WW-5,MA-A-03-L1
33614,R-SW2-WH,MA-D-13-L2
33614,R-SW2-WH-Carton100,MA-D-13-L2
33641,R6092-12V-WH-CW-Carton36,MA-E-13-L1
33641,R6092-12V-WH-CW,MA-E-13-L1
33649,R2351-DL-6,MA-A-12-L3
33663,R2322-WW-10,MA-A-04-L1
33701,R2321-DL-5,MA-A-11-L1
33713,R-SW3-WH,MA-D-13-L2
33730,R2351-DL-8,MA-A-12-L3
33731,R6092-12V-WH-WW-Carton36,MA-E-13-L1
33731,R6092-12V-WH-WW,MA-E-13-L1
33767,R2322-WW-15,MA-A-11-L4
33785,R2352-CW-2-V2,MA-A-06-L5
33786,R6092-WH-CW,MA-E-13-L1
33789,R-SW4-WH,MA-D-13-L2
33789,R-SW4-WH-Carton100,MA-D-13-L2
33811,R2321-DL-10,MA-A-11-L1
33832,R2352-CW-4-V2,MA-A-06-L5
33847,R-SW5-WH,MA-D-13-L2
33847,R-SW5-WH-Carton100,MA-D-13-L2
33852,R6092-WH-WW,MA-E-13-L1
33876,R3571-TRI,MA-C-12-L1-P1
33876,R3571-TRI-Carton6,MA-C-12-L1-P1
33896,R2352-CW-6-V2,MA-A-06-L5
33903,R-SW6-WH,MA-D-13-L2
33903,R-SW6-WH-Carton100,MA-D-13-L2
33926,R2321-DL-15,MA-A-11-L1
33950,R2352-CW-8-V2,MA-A-06-L5
33955,R-TVF-F,MA-D-17-L2
33966,R2651-BK-3M-SM-Carton8,MA-H-01-L7
33966,R2651-BK-3M-SM,MA-H-01-L7
33994,R2321-WW-4,MA-A-11-L2
34005,R-TVPAL-F-V2,MA-D-17-L2
34015,R2321-RGBW-5,MA-A-07-L1
34019,R6093-WH-CW,MA-E-14-L1
34030,R2353-CW-2,MA-A-07-L2
34043,R-USB-C-Carton300,MA-D-17-L2
34043,R-USB-C,MA-D-17-L2
34079,R2321-RGBW-10,MA-A-07-L1
34092,R2353-CW-4,MA-A-07-L2
34107,R3144-1M,MA-F-12-L1-P1
34135,R6093-WH-WW,MA-E-14-L1
34140,R3042,MA-F-08-L1-P2
34179,R2353-CW-6,MA-A-07-L2
34235,R2353-CW-8,MA-A-07-L2
34243,R3551-EM-TRI,MA-C-13-L1-P1
34243,R3551-EM-TRI-Carton6,MA-C-13-L1-P1
34260,R3043,MA-F-09-L1-P1
34287,R6094-WH-CW,MA-E-14-L2
34316,R2515-BK-WW,MA-D-09-L4-P2
34334,R2321-WW-6,MA-A-11-L2
34398,R3044,MA-F-09-L1-P2
34424,R6094-WH-WW,MA-E-14-L2
34424,R6094-WH-WW-Carton12,MA-E-14-L2
34505,R3045,MA-F-10-L1-P1
34512,R1041-8,MA-A-14-L2-P2
34602,R1042-12-Carton24,MA-A-14-L2-P1
34602,R1042-12,MA-B-07-L1-P2
34624,R2354-CW-2,MA-A-07-L3
34674,R2354-CW-8,MA-A-07-L3
34694,R3551-TRI-Carton6,MA-C-13-L1-P2
34694,R3551-TRI,MA-C-13-L1-P2
34779,R1043-18,MA-B-08-L1-P1
34779,R1043-18-Carton12,MA-B-08-L1-P1
34808,R2354-DL-4,A.04.L1.P
34844,R3241-070-LENS-R01601,MA-B-02-L5
34881,R1044-25,MA-B-08-L1-P2
34881,R1044-25-Carton12,MA-C-09-L1-P1
34934,R999-BOX-WH,MA-F-01-L2
34934,R999-BOX-WH-Carton4,MA-F-01-L2
34975,R3116-200-CW-DALI,MA-A-01-L5-P1
35006,R2354-WW-2,MA-A-04-L5
35010,R2101-BK-WW,MA-F-09-L2
35039,R3144-2M,MA-F-12-L1-P1
35066,R3269-SL-76,MA-F-15-L1
35092,R2354-WW-4,MA-A-05-L2
35110,R3241-070-LENS-R01602,MA-B-02-L5
35205,R2354-WW-6,MA-A-05-L2
35294,R9992-WP,G.02.L2
35313,R2354-WW-8,MA-A-05-L2
35451,R3111_1-10V,F.07.L2
35472,R3241-070-LENS-R01603,MA-B-02-L5
35692,R2322-WW-8,MA-A-04-L1
35782,R2361-DL-2,A.04.L1.P2
35814,R2361-DL-4,MA-A-13-L1
35856,R2361-DL-6,MA-A-13-L1
35886,R3207-UGR19-16-3500k,Gateway
35906,R-DB124-1200-38W,F.16.L4.P1
35929,R3241-070-SHIELD-SIL,MA-F-16-L3
35943,R2361-DL-8,MA-A-13-L1
35991,R3241-070-LENS-R01604,MA-B-02-L5
36072,R3240-050-BK-PE,MA-F-14-L2
36087,R3241-070-LENS-R01605,MA-B-02-L5
36164,R3241-070-LENS-R01606,MA-B-02-L5
36215,R2215-WH-V1,B.11.RIGHTSHELF.L3
36303,R1301-WW-Carton8,MA-A-13-L1
36303,R1301-WW,MA-A-13-L1
36555,R3241-070-LENS-R01607,MA-B-02-L5
36584,R2207-WH-WW-V1,MA-E-07-L1-P2
37040,R2206-WH-WW-V1,D.08.L1
37077,R3241-120-LENS-R01601,MA-B-02-L5
37153,R3241-120-SHIELD-SIL,MA-F-16-L3
37198,R3241-120-LENS-R01603,MA-B-02-L5
37345,R3241-120-LENS-R01604,MA-B-02-L5
37428,R2206-BK-WW-V1,MA-D-08-L1
37795,R2205-WH-WW-V1,MA-D-08-L5
37900,R3241-120-LENS-R01605,MA-B-02-L5
37936,R1011-Carton45,MA-A-14-L1-P2
37936,R1011,MA-A-14-L1-P2
38012,R3241-120-LENS-R01606,MA-B-02-L5
38133,R3241-120-LENS-R01607,MA-B-02-L5
38181,R2205-WH-CW-V1,MA-D-08-L5
38303,R1072-WH-WW-60-Carton36,MA-B-06-L2
38303,R1072-WH-WW-60,MA-B-06-L2
38557,R2200-BK-WW-V1,MA-D-08-L5
39040,R9998-Carton4,MA-D-08-L7-P1
39040,R9998,MA-G-05-L1-P2
40111,R3580-Carton6,MA-F-04-L1
40111,R3580,MA-F-04-L1
40161,R2322-WW-2,MA-A-11-L4
40269,R2323-XW-5,MA-A-09-L1
40271,R2321-WW-8,MA-A-11-L2
41161,R1060-WH-TRI,MA-B-13-L1-P1
41161,R1060-WH-TRI-Carton48,MA-B-13-L1-P1
41805,R3302-020-WW-Carton4,MA-F-11-L2
41805,R3302-020-WW,MA-F-11-L2
41811,R6002-WH-TRI-DALI,F.07.L1
42039,R3915,MA-F-11-L3
42073,R6232-EM-BK-TRI,MA-H-08-L1
42090,R1201-SC-WW,A.13.L4
42130,R2201-WH-WW-V1,MA-D-08-L3
42139,R1204-SC-WW,MA-E-16-L4-P2
42185,R6232-EM-WH-TRI,MA-H-08-L1
42185,R6232-EM-WH-TRI-Carton10,MA-H-08-L1
42240,R3915-LENS-15,MA-F-11-L3
42274,R1069-WH-12W-WW-60-V1,B.16.L3
42278,R1201-SC-CW,A.13.L4
42349,R6232-EM-S-BK-TRI,MA-H-08-L1
42372,R2200-WH-WW-V1,MA-D-08-L5
42431,R3915-LENS-30,MA-F-11-L3
42476,R6232-EM-S-WH-TRI,MA-H-08-L1
42476,R6232-EM-S-WH-TRI-Carton10,MA-H-08-L1
42603,R3916,MA-F-11-L3
42616,R2205-BK-WW-V1,MA-D-08-L5
42815,R6396-TRI,MA-A-16-L2
42815,R6396-TRI-Carton4,MA-A-16-L2
43017,R6397-TRI,MA-A-15-L1-P2
43588,R1082-WH-WW,MA-A-13-L1
43858,R1083-BK-WW,MA-A-13-L1
43969,R2396,B.01.L2.P1
44037,R6019-WW,MA-E-07-L1
44037,R6019-WW-Carton10,MA-E-11-L1
44888,R1351-10-WH-CW,MA-B-13-L3
44888,R1351-10-WH-CW-Carton48,MA-B-13-L3
44918,R1071-A-BK-WW-60,MA-B-04-L2
44918,R1071-A-BK-WW-60-Carton36,MA-B-04-L2
45013,R1351-10-WH-WW-Carton48,MA-B-12-L3
45013,R1351-10-WH-WW,MA-B-13-L3
45218,R1352-18-WH-CW,MA-B-13-L3
45218,R1352-18-WH-CW-Carton24,MA-B-13-L3
45620,R1352-18-WH-WW,MA-B-13-L3
45828,R1353-25-WH-CW-Carton24,MA-B-14-L4-P1
45828,R1353-25-WH-CW,MA-B-14-L4
45940,R1353-25-WH-WW-Carton24,MA-B-14-L4
45940,R1353-25-WH-WW,MA-B-14-L4
46040,R1354-30-WH-CW-Carton12,MA-B-14-L4
46040,R1354-30-WH-CW,MA-B-14-L4
46196,R1354-30-WH-WW-Carton12,MA-B-14-L4
46196,R1354-30-WH-WW,MA-B-14-L4
46306,R1355-40-WH-CW-Carton6,MA-B-15-L4
46306,R1355-40-WH-CW,MA-B-15-L4
46400,R1355-40-WH-WW,MA-B-15-L4
47060,R1165-BK-CW-Carton36,MA-C-08-L3
47060,R1165-BK-CW,MA-C-08-L3
47383,R1165-BK-WW,MA-C-08-L3
47383,R1165-BK-WW-Carton36,MA-C-08-L3
47516,R1165-WH-WW-Carton36,MA-C-08-L3
47516,R1165-WH-WW,MA-C-08-L3
47626,R1165-WH-CW-Carton36,MA-C-08-L3
47626,R1165-WH-CW,MA-C-08-L3
47663,R1075-WH-12W-XW-60,B.13.L2.P2
47719,R1166-WH-CW-Carton18,MA-C-09-L3-P1
47719,R1166-WH-CW,MA-C-09-L3
47795,R1166-WH-WW-Carton18,MA-C-09-L3-P1
47795,R1166-WH-WW,MA-C-09-L3
47884,R1166-BK-WW,MA-C-09-L3
47884,R1166-BK-WW-Carton18,MA-C-09-L3
47925,R2386-DIFF-10-V2,MA-D-01-L7-P1
47933,R1166-BK-CW-Carton18,MA-C-09-L3
47933,R1166-BK-CW,MA-C-09-L3
48140,R2386-DIFF-5-V2,MA-D-01-L7-P1
48176,R1070-WH,MA-B-01-L5-P2
49004,R2378-AL-1M,B.02.L2
49305,R3250-R10503,F.14.L3
49791,R6104-BK-BL,MA-E-15-L3
50011,R6104-SS-BL,MA-E-15-L3
50050,R2301-WW-5,MA-A-12-L4
50259,R2301-WW-2.5,MA-A-12-L4
50744,R2301-TAIL-RF,MA-A-12-L1
51111,R2380-BK-2M,B.01.L3
51177,R3241-070-SHIELD-BK,MA-F-16-L3
51283,R2301-TAIL-BF,MA-A-12-L1
51306,R3241-120-SHIELD-BK,MA-F-16-L3
51440,RCLIPS-R2323,MA-B-02-L1
51440,RCLIPS-R2323-Carton500,MA-B-02-L1
51469,R2301-TAIL-SF,MA-A-12-L1
51635,R3250-180-BK-CW_R10503,MA-F-14-L2
51877,RCLIPS-R2301,MA-A-12-L1
52026,R3250-240-BK-CW_R10503,MA-F-15-L1
52603,R2201-WW-IND-KIT_30%,MA-B-02-L2
52679,R2202-DALI-DRIVER,MA-B-11-L1-P2
52802,RCLIPS-R2301-1M,MA-A-12-L1
52971,R2321-WW-2,MA-A-11-L2
53061,R360-SIMPLICITY-L 48",G.16.L1.P2
53069,R2202-DIFFUSER,C.01.L2
53118,R2306-WW-5,MA-A-12-L4
53303,R3250-240-BK-CW_R10502,F.15.L1
53311,R2202-WW-IND-KIT_30%,MA-B-01-L4
53361,R3250-240-BK-CW_R10504,F.15.L1
53396,R3250-240-BK-CW_R10505,F.15.L1
53435,R3250-240-BK-CW_R10506,F.15.L1
53453,R2306-WW-2.5,MA-A-12-L4
53660,R2306-TAIL-RF,MA-A-12-L1
53737,R3250-450-BK-CW_R10502,F.15.L1
53748,R5010-G,D.12.L2
53761,R3250-450-BK-CW_R10504,F.15.L1
53806,R3250-450-BK-CW_R10505,F.15.L1
53826,R3250-450-BK-CW_R10506,F.15.L1
53870,R3250-600-BK-CW_R10502,F.12.L3.P2
53894,R3250-600-BK-CW_R10504,F.12.L3.P2
53895,R2310-WH-CW-5,MA-A-12-L3
53922,R5020-BL,D.12.L2
53937,R3250-600-BK-CW_R10505,F.12.L3.P2
53977,R2310-WH-WW-5,MA-A-12-L3
53991,R3250-600-BK-CW_R10506,F.12.L3.P2
54005,R5020-G,D.12.L2
54143,R2310-BK-CW-5,MA-A-12-L3
54251,R5020-RGB,D.12.L2
54348,R2310-BK-WW-5,MA-A-12-L3
54406,R2310-TAIL-BK,MA-A-12-L3
54510,R2310-TAIL-WH,MA-A-12-L3
54644,R2315-BK-BK-WW-5,MA-A-12-L2
54777,R2315-BK-BK-CW-5,MA-A-12-L2
54782,JB30W,MA-D-12-L2
54824,R2201-DIFFUSER,MA-C-01-L2
54828,R2321-DL-5-V2,MA-A-11-L1-P1
54852,R6002-WH-CW,F.13.L1.P1
55038,R9995-Carton6,MA-G-01-L2
55038,R9995,MA-G-01-L2
55044,R5023-CW,D.13.L2
55071,R5023-WW,D.13.L2
55095,R2201-CW-IND-KIT_30%,MA-B-02-L2
55231,R5023-G,D.13.L2
55248,R1161-BK-V2-Carton12,MA-C-09-L2
55248,R1161-BK-V2,MA-C-09-L2
55276,R9998-AL-TOPAZ,G.01.L2
55287,R3039-VISOR-LRG,MA-F-12-L1-P1
55445,R9992-DECAL,MA-OFFICE-AREA
55517,R2315-TAIL-BK-RF,MA-A-12-L2
55521,R6240-TRIM-WH,G.12.L1.P2
55585,R3141,F.15.l2
55599,R3550-DIFFUSER,MA-C-01-L2
55610,R2321-CW-15-RE,MA-A-08-L4
55648,R7002,MA-B-03-L3-P2
55700,R2321-DL-15-RE,MA-A-08-L5
55811,R2315-TAIL-BK-SBF,MA-A-12-L2
55816,R9,MA-G-05-L2
55848,R2321-RGBW-15-RE,MA-A-07-L5
55919,R2321-WW-15-RE,MA-A-11-L2
56010,R2322-CW-15-RE,MA-A-08-L4
56031,R3240-LENS-R17614,MA-F-13-L3
56066,SIN-FR-132113E,MA-F-11-L2
56128,R2322-DL-15-RE,MA-A-08-L5-P2
56188,RCLIPS-R2315,MA-A-12-L2
56213,R2322-RGBW-15-RE,MA-A-08-L5
56324,R2322-WW-15-RE,MA-A-08-L5
56355,R3240-PE,MA-F-12-L1-P1
56367,R2201-DALI-DRIVER,MA-B-11-L1-P2
56392,R2315-BK-1M,MA-A-12-L2
56400,RCLIPS-R2315-1M,MA-A-12-L2
56628,R2342-WW-5,MA-A-12-L4
57321,R3231-BRACKET,MA-F-14-L3
57346,R3304,MA-F-11-L3
57562,R-WPI235,MA-D-17-L4
57562,R-WPI235-Carton50,MA-D-17-L4
57780,R3205-TRI-SM-Carton3,D.04.L1.P1
57780,R3205-TRI-SM,MA-D-04-L1-P1
58279,VEN-ABG250WHRD,MA-H-07-L3
58880,Bronco-8-18w-DIM,A.05.L5.P2
59008,R3206-TRI,MA-C-04-L1
59008,R3206-TRI-Carton6,MA-C-04-L1
59106,R3206-DL,MA-C-03-L1-P1
59106,R3206-DL-Carton6,MA-C-03-L1-P1
59553,R3205-TRI-RM,MA-D-04-L1-P2
59879,R3205-TRI,MA-D-03-L1
59879,R3205-TRI-Carton6,MA-D-03-L2-P2
60137,R3206-TRI-SM,MA-C-06-L1
60137,R3206-TRI-SM-Carton3,MA-B-02-L8-P2
60727,R2582-BK-TRI-60,MA-D-10-L2
60917,R2218-BK-SM,B.11.RIGHTSHELF.L1
62423,R2374-WH-WH-PR-2M,MA-B-02-L2
62582,R2200-WW-IND-KIT_30%,MA-B-02-L1-P1
63014,R1073-BK-15W-WW-24,BOM
63371,R3206-CW,MA-C-03-L1-P2
63371,R3206-CW-Carton6,MA-C-01-L6-P2
63616,R3206-TRI-RM-Carton3,MA-C-06-L1
63616,R3206-TRI-RM,MA-C-08-L1-P1
64045,R2374-SUS,MA-D-01-L2-P2
65075,R2200-CW-IND-KIT_30%,MA-B-02-L1
65115,R2200-DALI-DRIVER,MA-B-11-L1-P2
66995,R6056-BK-WW-Carton12,MA-E-10-L2
66995,R6056-BK-WW,MA-E-10-L2
67498,R2333-WW-20,A.03.L3
67639,R6056-BK-CW,MA-E-10-L2
68153,R107M-CW-60,MA-B-15-L1
68485,24v-IP20-012w-Carton33,MA-A-10-L3
68485,24v-IP20-012w,MA-A-10-L3
68573,R2384-BK-DIFFUSER,B.01.L4
68638,DEK-FANREMOTEDC,MA-H-11-L2
68648,R1073-WH-15W-WW-24,Production
69283,VEN-GLA1303-WH,MA-G-15-L1
69347,VEN-GLA1203-L-WH,MA-G-14-L2
69655,R2592-BK-WW,D.10.L4.P1
69725,R2373-SUS,MA-D-01-L3-P2
69894,R2374-BK-BK-PR-2M,MA-B-02-L2
70897,R1066-WH-12W-XW-60,Bill of Material
70983,R1071-WH-12W-XW-60,BOM
71004,R1066-WH-12W-XW-24,BOM
71151,R1071-WH-12W-XW-24,B.10.L2.P2
71324,R1073-WH-9W-WW-60,BOM
71407,R1352-13-WH-WW,Production
71454,R2383-DIFF-10-V2,MA-C-02-L1-P1
71708,R1072-BK-12W-XW-60,B.09.L2.P2
71779,R3117,MA-F-08-L1-P1
71843,R2961,MA-A-01-L1-P1
71880,R3148-CAS,MA-F-12-L1-P1
72016,R3148-MS,MA-F-12-L1-P1
72051,R1204-SC-CW,MA-E-16-L4-P2
72063,R3148-REMOTE,MA-F-12-L1-P1
72157,R3117-REFLECTOR-PC,MA-F-15-L2
72233,R3118-REFLECTOR-PC,MA-F-15-L2
72297,R1091-REFLECTOR-SIL,B.11.LEFTSHELF.L3
72371,R3117-REFLECTOR-AL,MA-F-15-L3
72452,R3118-REFLECTOR-AL,MA-F-15-L3
72615,R1073-WH-12W-XW-60,B.06.L2
72735,R1092-REFLECTOR-SIL,B.11.LEFTSHELF.L3
72786,R1352-10-WH-CW,Production
72854,R3145,MA-F-12-L1-P1
72901,R1094-REFLECTOR-SIL,B.15.L1
72918,R3118,MA-F-07-L1
73490,R1074-BK-12W-XW-60,B.07.L2
73598,R1074-WH-12W-XW-60,B.07.L2
73839,R107M-24-Carton200,MA-A-02-L5-P1
73839,R107M-24,MA-A-02-L5-P1
73863,R1093-REFLECTOR-SIL,B.11.LEFTSHELF.L2
74163,R1352-10-WH-WW,Production
74266,R1076-BK-12W-XW-60,BOM
74281,R1353-10-WH-CW,Production
74404,R1071-A-WH-12W-CW-60-Carton36,MA-B-11-L3-P1
74404,R1071-A-WH-12W-CW-60,MA-B-03-L2
74448,R1071-A-WH-12W-WW-24,B.16.L1.P2
74487,R1071-A-WH-12W-WW-24-V2,B.16.L1.P2
74726,R1077-WH-12W-XW-60,B.07.L2
74726,R1077-BK-12W-XW-60,B.07.L2
74726,R1077-BK-XW-60,B.07.L2
75492,R1095-40,A.PRODUCTION_SHELF.L2
75529,R1092-8-BK-BK-TRI,PRODUCTION
75648,VEN-GLA1203-WH,MA-G-14-L1
75663,R1353-10-WH-WW,Production
75701,VEN-GLA1303-L-WH,MA-G-14-L2
75729,VEN-GLA1303-L-WH-WC,BOM
75755,VEN-DC3WCM-2,MA-G-12-L1-P1
75874,R1355-10-WH-CW,BOM
75877,VEN-DC3WCM,MA-F-12-L1-P1
76209,R1072-BK-12W-WW-60-V1,B.09.L2.P2
76254,R1072-BK-12W-WW-60,BOM
76739,R1092-10-BK-BK-CW,Production
76904,R1079-WH-12W-WW-24,BOM
77000,R1072-WH-12W-CW-60-V2,BOM
77004,R1092-10-BK-MS-CW,Production
77144,R1072-WH-12W-WW-60-V1,B.06.L2
77148,R1354-10-WH-CW,Production
77214,R1092-10-BK-SIL-CW,Production
77361,R1354-10-WH-WW,Production
77530,R1092-10-BK-WH-CW,Production
77791,R1092-10-WH-BK-CW,Production
78045,R1092-10-WH-MS-CW,Production
78189,R1092-10-WH-SIL-CW,Production
78241,R1073-BK-15W-CW-24,BOM
78272,R1092-10-WH-SIL-WW,B.12.L2
78298,R1073-BK-15W-CW-60-V1,BOM
78347,R1073-BK-15W-CW-60,BOM
78441,R1092-10-WH-WH-CW,Production
78952,R1073-WH-15W-CW-24,BOM
78987,R1066-WH-12W-CW-24,BOM
79029,R1073-WH-15W-CW-60,BOM
79052,R1066-WH-12W-CW-60-V2,BOM
79132,R1066-WH-12W-WW-24-V2,BOM
79135,R1092-13-BK-SIL-CW,B.12.L2
79194,R1066-WH-12W-WW-60,BOM
79216,R1092-13-BK-SIL-WW,B.15.L1
79283,R1066-WH-15W-CW-24,BOM
79346,R1066-WH-15W-CW-60,BOM
79418,R1066-WH-15W-WW-24-V2,BOM
79459,R1066-WH-6W-CW-24,BOM
79488,R1066-WH-6W-CW-60-V1,BOM
79507,R1066-WH-6W-CW-60,BOM
79546,R1351-8-WH-WW,Production
79570,R1066-WH-9W-CW-24,BOM
79631,R1066-WH-9W-CW-60,BOM
79708,R1092-13-WH-SIL-WW,B.12.L2
79745,R1067-WH-12W-CW-60-V2,BOM
79764,R1066-WH-12W-WW-60-V1,BOM
79782,R1074-BK-12W-WW-60-V1,B.07.L2
79819,R1074-BK-12W-WW-60,B.07.L2
79897,R1066-WH-12W-CW-60-V1,BOM
80000,R1091-10-BK-BK-TRI,Production
80011,R1091-10-BK-MS-TRI,Production
80019,R1091-10-BK-WH-TRI,Production
80040,R1091-10-WH-WH-TRI,MA-B-12-L3
80051,R1092-10-BK-MS-TRI,Production
80059,R1092-10-BK-SIL-TRI,Production
80089,R1092-10-WH-WH-TRI,Production
80132,R1092-18-BK-BK-TRI,Production
80158,R1092-18-WH-WH-TRI-Carton18,MA-B-12-L3
80158,R1092-18-WH-WH-TRI,MA-B-12-L3
80162,R1093-10-BK-BK-TRI,Production
80168,R1093-10-BK-MS-TRI,Production
80173,R1093-10-BK-SIL-TRI,Production
80179,R1093-10-BK-WH-TRI,Production
80312,R1093-25-WH-WH-TRI,MA-B-14-L3
80316,R1094-10-BK-BK-TRI,Production
80320,R1094-10-BK-MS-TRI,Production
80324,R1094-10-BK-SIL-TRI,Production
80329,R1094-10-BK-WH-TRI,Production
80409,R1094-18-WH-MS-TRI,Bill of Material
80450,R1094-30-BK-BK-TRI,MA-PRODUCTION
80481,R1140-BK-BK-36-PND,Production
80485,R1140-BK-BK-36-RM,Production
80489,R1140-BK-BK-36-SM,Production
80492,R1140-BK-BK-36-TP,Production
80496,R1140-BK-BK-60-PND,BOM
80500,R1140-BK-BK-60-RM,BOM
80503,R1140-BK-BK-60-TP,BOM
80507,R1140-BK-GLD-36-PND,Production
80510,R1140-BK-GLD-36-RM,Production
80514,R1140-BK-GLD-36-SM,Production
80519,R1140-BK-GLD-36-TP,Production
80522,R1140-BK-GLD-60-PND,Production
80527,R1140-BK-GLD-60-RM,Production
80531,R1140-BK-GLD-60-SM,Production
80534,R1140-BK-GLD-60-TP,Production
80538,R1140-BK-WH-36-PND,Production
80541,R1140-BK-WH-36-RM,Production
80549,R1140-BK-WH-36-TP,Production
80553,R1140-BK-WH-60-PND,Production
80559,R1140-BK-WH-60-RM,Production
80567,R1140-BK-WH-60-TP,Production
80570,R1140-WH-BK-36-PND,Production
80574,R1140-WH-BK-36-RM,Production
80578,R1140-WH-BK-36-SM,Production
80581,R1140-WH-BK-60-PND,Production
80585,R1140-WH-BK-60-RM,Production
80590,R1140-WH-BK-60-TP,Production
80594,R1140-WH-GLD-36-PND,Production
80599,R1140-WH-GLD-36-RM,Production
80601,R1140-WH-GLD-36-SM,Production
80605,R1140-WH-GLD-36-TP,Production
80609,R1140-WH-GLD-60-PND,Production
80612,R1140-WH-GLD-60-RM,Production
80615,R1140-WH-GLD-60-SM,Production
80621,R1140-WH-WH-36-PND,Production
80625,R1140-WH-WH-36-RM,Production
80629,R1140-WH-WH-36-SM,Production
80632,R1140-WH-WH-36-TP,Production
80636,R1140-WH-WH-60-PND,Production
80639,R1140-WH-WH-60-RM,BOM
80641,R1140-WH-WH-60-TP,BOM
80660,R1141-BK-BK-60-PND,BOM
80702,R2384-BK-BK-3M,B.01.L3.P1
80798,R2388-1M,B.01.L2
80905,R1093-10-BK-BK-CW,Production
80924,R3240-BK-LRG-PE-60-R17614,F.12.L1
80942,R1093-10-BK-BK-WW,Production
80974,R1093-10-BK-MS-CW,Production
81041,R3071-60deg,F.13.L3.P2
81043,R1093-10-BK-MS-WW,Production
81098,R1093-10-BK-SIL-CW,Production
81126,R1069-WH-12W-CW-60-V1,MA-B-16-L3-P1
81171,R3070-60deg,F.13.L3.P1
81230,R2401,BOM
81252,R1093-10-BK-WH-CW,Production
81359,R1093-10-BK-WH-WW,Production
81372,R1146-BK-BK-60-SA,BOM
81434,R1093-10-WH-BK-CW,Production
81441,R3230-040_R01203,D.15.L4.P1
81555,R3230-040_R01208,D.15.L4.P1
81677,R3230-075_R01203,C.13.L3.P1
81800,R3230-075_R01208,C.13.L3.P1
81824,R1093-10-WH-SIL-CW,B.13.L2
82070,R1146-BK-WH-60-TK,BOM
82095,R107M-12W-CW-60-S-V2-Carton48,B.15.L1
82095,R107M-12W-CW-60-S,MA-B-15-L1
82218,R1140-BK-BK-36-SA,Production
82254,R107M-12W-WW-60-S,MA-B-15-L1
82358,R1140-BK-BK-60-SA,BOM
82428,R1140-BK-WH-36-SA,Production
82501,R1140-BK-WH-60-SA,Production
82536,R1140-BK-GLD-36-SA,Production
82603,R1140-BK-GLD-60-SA,Production
82683,R1140-BK-BK-36-TK,Production
82725,R1140-BK-BK-60-TK,BOM
82808,R131M-Reflector-60,B.16.L1
82811,R1140-BK-GLD-36-TK,Production
82872,R1140-BK-GLD-60-TK,Production
82895,R3240-LENS-R09606,F.13.L2
82952,R1095-8-Carton50,MA-A-02-L4-P1
82952,R1095-8,MA-A-02-L4-P2
82961,R1140-BK-WH-36-TK,Production
82997,R3240-LENS-R09614,MA-F-13-L2
83008,R1140-BK-WH-60-TK,Production
83054,R1140-WH-BK-36-SA,Production
83117,R1140-WH-BK-60-SA,Production
83168,R1140-WH-GLD-36-SA,Production
83215,R1140-WH-GLD-60-SA,Production
83289,R1140-WH-WH-36-SA,Production
83339,R1140-WH-WH-60-SA,BOM
83471,R1140-WH-GLD-36-TK,Production
83532,R1140-WH-GLD-60-TK,Production
83583,R1140-WH-WH-36-TK,Production
83604,R6235-S-BK-TRI,BOM
83644,R1140-WH-WH-60-TK,BOM
83917,R6235 -S-WH-TRI,BOM
83989,R3250-240-BK-DL_R10504,F.14.L5
84017,R1093-18-BK-SIL-CW,B.16.L3
84407,R1342-A-BK-BK-CW-40,Production
84509,R1342-A-BK-BK-WW-40,Production
84549,R6234 -S-WH-TRI,BOM
84591,R1342-A-BK-WH-CW-40,Production
84646,R6234-S-BK-TRI,BOM
84667,R1342-A-BK-WH-WW-40,Production
84805,R1066-WH-15W-XW-60,BOM
84894,R1077-WH-9W-WW-24-V2,Production
84944,R6233-S-BK-TRI,BOM
85090,R1342-BK-BK-CW-40,Production
85177,R1342-BK-BK-WW-40,Production
85200,R1066-WH-6W-WW-24,BOM
85241,R1342-BK-WH-CW-40,BOM
85316,R1066-WH-6W-WW-60-V2,BOM
85335,R1342-BK-WH-WW-40,BOM
85626,R3250-R10505,MA-F-14-L3
85775,R3250-R10506,MA-B-01-L5-P2
85838,R1066-WH-9W-WW-24-V2,BOM
85947,R1066-WH-9W-WW-60-V2,BOM
86079,R3560-DIFFUSER,MA-C-01-L2
86258,R3570-DIFFUSER,MA-C-01-L2
86486,R6201-Cover-BK-Carton20,MA-B-09-L1-P1
86486,R6201-Cover-BK,MA-B-09-L1-P1
86614,R6201-Cover-WH,MA-B-09-L1-P1
86702,R6333-900,BOM
86811,R1066-WH-15W-WW-60,BOM
86841,R6333-Remote,MA-A-15-L3
87158,R2125-DIFFUSER-SLIM,MA-H-05-L2
87230,R1094-13-WH-SIL-WW,B.16.L3
87261,R2126-DIFFUSER-SLIM,MA-H-05-L2
87323,LENS-R3070_1-60deg,MA-F-14-L3
87585,R8001-5M-EC,BOM
87687,R3240-BK-LRG-60-R17605,Production
87765,R3240-BK-LRG-42,BOM
88018,R3240-BK-LRG-76,BOM
88109,R3240-BK-LRG-60-R17602,Production
88130,R3240-BK-LRG-76-R17602,Production
88252,R3240-BK-LRG-60-R17603,Production
88271,R3240-BK-LRG-76-R17603,Production
88313,R2202-CW-IND-KIT_30%,MA-B-01-L4
88413,R3240-BK-LRG-76-R17604,Production
88432,R3240-BK-LRG-60-R17604,Production
88438,R9996-DECAL,MA-OFFICE-AREA
88520,R3240-BK-LRG-76-R17605,Production
88601,R2404,MA-D-12-L2
88718,R3240-CAPS,MA-F-13-L3
89066,R9996-DECAL-L,MA-OFFICE-AREA
89270,R9996-DECAL-R,MA-OFFICE-AREA
89381,RACP,MA-H-04-L2
89627,R6241-BK-TRI,BOM
89641,R6241-WH-TRI,BOM
89652,R6241-EM-BK-TRI,BOM
89663,R6241-EM-WH-TRI,BOM
89680,R6241-EM-S-WH-TRI,BOM
89686,R6241-S-BK-TRI,BOM
89707,R6241-S-WH-TRI,BOM
89715,R1021-BK-TRI,BOM
89723,R1031-BK-TRI,BOM
89728,R1031-SC-TRI,BOM
89734,R9990-R-BK,BOM
89738,RCLIPS-R2322,B.03.L2
89742,R9990-R-WH,BOM
90000,R10RF,MA-G-03-L1-P2
90012,EP-RANG-RF-10,MA-G-17-L2
90026,EP-SA-CONT-RF,MA-G-17-L2
90031,DEK-INGRAM-L-BK-DC,MA-G-14-L3
90039,EP-VC-240-1,MA-G-17-L2
90043,VEN-ABGLED200WH-RD,MA-H-07-L3
90048,EP-VC-240-10,MA-G-17-L2
90055,EP-VC-RF-MOD,MA-G-17-L2
90064,R10RFB,MA-G-05-L2
90071,R240,MA-G-03-L1-P1
90083,R240B,MA-G-05-L2
90092,R240RC,MA-G-04-L2
90098,TRI 28004429,MA-OFFICE-AREA
90100,R240RCB,MA-G-05-L2
90111,VEN-PVPX200,MA-H-08-L2
90119,R9997,G.01.L2
90129,RAC,MA-G-05-L2
90138,RHA10RF,MA-G-05-L2
90146,R240P,MA-H-04-L2
90149,RWB,H.04.L2
90152,DEK-ROMA48-L-WH,H.07.L1.P2
90156,RWBB,MA-G-05-L2
90170,DEK-ALBANY48-BK,MA-G-13-L2
90180,VEN-ABGLED200WH-SQ,MA-H-10-L3-P2
90255,R9995-AL-STONE,MA-G-01-L2
90272,DEK-EVOII50-WH-DC,MA-G-11-L1-P2
90301,DEK-ALBANY48-WH,MA-G-07-L1-P1
90324,DEK-ALBANY52-BK,MA-G-13-L2
90346,R10RFP,MA-H-04-L2
90357,TRI 28004430,RAONI OFFICE
90359,DEK-ALBANY48-L-BK,MA-G-13-L2
90362,RFMOD,MA-G-05-L2
90393,DEK-ALBANY48-L-WH,MA-G-07-L1-P2
90406,RRB,MA-G-05-L2
90447,DEK-ALBANY52-WH,MA-G-08-L1-P1
90464,RFMDUAL,MA-G-05-L2
90470,360-BS52MW,MA-G-16-L3
90488,DEK-EVOII50-BK,MA-G-13-L3
90501,DEK-EVOII50-L-BK,MA-G-13-L3
90513,DEK-EVOII50-L-WH,MA-G-13-L3
90522,TRI 28004431,MA-OFFICE-AREA
90526,DEK-EVOII50-WH,MA-G-09-L3-P1
90538,DEK-EVOII58-BK,MA-G-13-L3
90550,DEK-ALBANY52-L-BK,MA-G-13-L2
90566,DEK-EVOII58-L-BK,G.11.L2
90579,DEK-EVOII58-L-WH,MA-G-13-L3
90586,DEK-EVOII58-WH,MA-G-13-L3
90589,TRI 28004432,MA-OFFICE-AREA
90611,VEN-ABGLED250WH-RD,MA-H-07-L3
90627,DEK-HAWK48-WH,MA-G-10-L1-P2
90635,TRI 28004433,MA-OFFICE-AREA
90638,DEK-INGRAM-BK,G.13.L3
90643,DEK-HAWK48-L-WH,MA-G-10-L1-P2
90648,DEK-INGRAM-L-BK,MA-G-13-L2
90659,DEK-INGRAM-L-WH,MA-G-12-L1-P1
90668,DEK-INGRAM-WH,MA-G-14-L3-P1
90678,DEK-ROMA48-BK,G.16L1
90689,DEK-ROMA48-WH,H.07.L1.P1
90695,DEK-RONDO52-BK,MA-G-15-L3-P2
90705,DEK-RONDO52-L-BK,MA-G-13-L2
90719,DEK-RONDO52-L-WH,G.13.L1.P2
90721,DEK-HAWK48-WH-DC,MA-G-10-L1-P1
90729,DEK-RUSSELL-BK,G.14.L2
90735,DEK-ALBANY52-L-WH,MA-G-08-L1-P2
90738,R6237-WH,BOM
90744,DEK-RONDO52-WH,MA-G-15-L3
90749,9wESCW-LED lamp,MA-F-12-L1-P1
90760,DEK-RUSSELL-L-BK,MA-G-15-L3
90762,DEK-HAWK48-L-WH-DC,MA-G-10-L1-P2
90772,DEK-RUSSELL-WH,MA-G-15-L1
90775,VEN-ABGLED250WH-SQ,MA-H-07-L3
90793,DEK-XR90-BK,MA-F-12-L1-P1
90807,DEK-RUSSELL-L-WH,MA-G-15-L2
90817,HAR1204-TI,G.07.L2
90824,360-BS60KA,MA-G-16-L3-P2
90827,DEK-XR90-WH,MA-G-12-L1-P1
90838,DEK-RONDOII58-L-WH,MA-G-15-L3
90892,HAR1204-WH,MA-G-17-L3-P2
90941,R360-ASPIRE-BK,G.16.L1.P2
90995,R360-ASPIRE-WH,G.15.L3
91017,R1091-8-BK-SIL-TRI,B.12.L2
91035,9wESWW-LED lamp,MA-F-12-L1-P1
91051,R360-DELTA-WH,MA-G-17-L3
91072,R1071-A-WH-12W-XW-60,B.03.L2
91108,R360-FLATJET-BK,MA-G-16-L3-P1
91153,R360-FLATJET-WH-56,MA-G-16-L3-P1
91159,DEK-RONDOII52-WH,MA-G-15-L1
91172,DEK-RONDOII52-L-WH,MA-G-15-L2
91194,RSDUALP,MA-H-04-L2
91204,DEK-RONDOII58-BK,MA-G-13-L2
91207,SAMPLE-BOX,MA-D-11-L1
91208,DEK-EVOII50-BK-DC,MA-G-14-L2
91264,R1074-WH-12W-WW-60,B.07.L2
91410,DEK-EVOII50-L-WH-DC,MA-G-14-L2
91475,Bronco-6-10w-DIM,A.05.L5.P2
91484,R1077-WH-12W-WW-60-V1,B.07.L2
91490,MFAG26VA-N,MA-C-12-L1-P1
91493,SYLMEDM,MA-H-11-L2
91508,R1091-8-WH-SIL-TRI,B.12.L2
91555,MFAG26VA-W,MA-C-12-L1-P1
91578,R360-SIMPLICITY-BK,MA-G-15-L3
91602,R1091-8-WH-WH-TRI,B.12.L3
91617,R360-SIMPLICITY-L-BK,MA-G-16-L3
91627,TES-ELTK,MA-H-11-L2
91629,DEK-EVOII58-WH-DC,MA-G-14-L1
91641,R1147-WH-WH-60-RM,BOM
91804,VEN-VAD100,MA-H-11-L2
91833,R6079-BK-TRI-V1,E.17.L2
91893,SIN-7003,B.02.L1
91897,VEN-VAD100-6,MA-H-11-l2
91910,R1147-WH-WH-60-SA,BOM
91916,VEN-VAD125,MA-H-11-L2
91965,SKY1203BL,G.07.L2
91980,360-DR136MW,MA-G-15-L3
91983,VEN-V100Dkit,H.09.L2
92002,VEN-VAD125-6,MA-H-11-L2
92061,DEK-RONDOII58-WH,MA-G-15-L3
92126,VEN-SKY1203BL-L,G.07.L2
92135,R1147-WH-WH-60-PND,BOM
92169,DEK-XR150-BK,MA-F-12-L1-P1
92172,VEN-V150Dkit,MA-H-10-L2
92243,VEN-VAD150,H.09.L3
92263,R240ACB,MA-G-05-L2
92279,DEK-EVOII58-L-WH-DC,MA-G-13-L3
92309,VEN-VAD150-3,MA-H-11-L2
92326,VEN-PVPXHLX31WH,H.10.L2
92330,DEK-RUSSELL-BK-DC,MA-G-15-L2
92345,DEK-XR150-WH-L,MA-G-12-L1-P1
92433,PVPXHF200RD,MA-H-08-L2-P1
92437,VEN-SAH31WH,MA-H-10-L2
92475,VEN-WAL75DC,MA-G-16-L3-P1
92499,VEN-OLS250RD,MA-G-13-L1-P2
92550,R360-TRO54-MWWH,G.16.L1.P2
92555,VEN-DC31203-L-WH-WC,MA-G-15-L1
92561,VEN-PVPXHF200SQR,MA-H-07-L2
92575,VEN-OLSWURD,MA-G-13-L1-P1
92599,DEK-RCK,MA-H-11-L2
92610,VEN-DC31203-L-WH,MA-G-16-L2
92627,VEN-SKY1303,MA-G-16-L1
92645,VEN-DC31203-WH,MA-G-16-L2
92656,VEN-OVA250SQ,MA-H-07-L2
92670,VEN-SKY1303-WH-L,MA-G-16-L1
92679,R1147-WH-WH-60-TK,BOM
92682,VEN-OVAWUSQ,MA-H-07-L2
92695,VEN-DC31203-WH-WC,MA-G-16-L2
92707,VEN-SKY1503-WH,MA-G-16-L1
92733,VEN-SKY1503-WH-L,MA-G-16-L1
92779,VEN-PTBX200,MA-H-07-L2
92822,VEN-PTBX250,MA-H-07-L2
92931,VEN-PVPX150BLGP,H.09.L2
92970,R1147-WH-WH-60-TP,BOM
92988,VEN-PVPX150WHGP,MA-H-07-L3
93024,VEN-PVPX150WHSQGP,MA-H-10-L2-P2
93032,R9994-AL,G.01.L2
93070,VEN-PVPX200WH,MA-H-07-L2
93121,VEN-PVPX200WHLED,BOM
93153,VEN-PVPX200WHSQ,MA-H-10-L2
93200,DEK-RONDOII52-L-BK,MA-G-15-L3
93227,VEXTR-60,MA-G-12-L1-P1
93236,R1151-BK-CW-SUSP,A.13.L2.P2
93247,VEN-PVPX250WH,H.07.L2
93288,VEN-PVPX250WHLED,BOM
93315,R1161-WH-SUSP,A.12.L4
93350,VEN-PVPX250WHSQ,MA-H-08-L2-P1
93373,R9999-AL,MA-G-02-L2
93386,VEN-SPY1573-BK,MA-G-17-L3
93392,PVPX250,MA-H-10-L2
93409,VEN-PVPX250WHSQLED,BOM
93418,VEN-DCT0330,MA-H-10-L3-P1
93545,R2200-BK-CW-V1,D.08.L4
93688,9wBCWW-LED lamp,MA-F-12-L1-P1
93701,VXR90SPY-BK,MA-G-12-L1-P1
93765,VXR90SPY-WH,G.12.L1
93799,STARFR48,MA-H-11-L2
93811,VEN-UCFR,MA-H-11-L2
93841,V150GL,MA-H-11-L3-P2
93885,VEN-H4W,MA-H-10-L2
93891,9wBCCW-LED lamp,MA-F-12-L1-P1
93915,V125GL,MA-H-11-L2
93922,VEN-M2HDLXWH,H.10.L2
93935,R2202-BK-CW-V1,D.07.L3
93951,DEK-RONDOII52-BK,MA-G-15-L3
93981,R1204-WH-WW-2700K,C.12.L2
94083,DEK-RUSSELL-L-BK-DC,MA-G-15-L2
94109,VEXTR-90BL,MA-G-12-L1-P1
94155,VEXTR-90,MA-G-12-L1-P1
94281,VEN-M4HDLXWH,MA-H-10-L1
94322,360-BS21NA,MA-G-16-L3-P2
94419,RHA240SL,MA-G-05-L2
94463,VEN-GLA1303-BK,G.17.L1.P1
94478,VEN-H2W,MA-H-11-L1-P1
94565,VEN-GLA1203-BK,G.15.L1.P1
95024,DEK-INGRAM-BK-DC,MA-G-14-L3
95058,RAC240,MA-G-05-L2
95236,VEN-GLA1203-L-BK,G.15.L1.P2
95285,EXS AQUA67,G.02.L2
95433,SALSDF30,MA-H-11-L2
95435,R5020-WW,D.12.L2
95465,RSG4,Raoni's Office
95572,VEN-SPYLKBL-WW,MA-H-11-L3-P1
95643,360-MS21WH,MA-G-16-L3-P2
95664,DEK-55-191,MA-H-11-L3-P1
95681,VEN-GLA1303-L-BK,G.17.L1.P2
95753,AURORA-R32-7.1kW,BOM
95851,C-WMV-50HRFN8,MA-C-13-L1-P1
95868,CAL-CLA352-L-WH,MA-G-16-L2
95908,WMV-50HRFN8,MA-C-13-L1-P1
95954,VEN-VTROTIMER,MA-H-11-L2-P2
96031,C-WMV-35HRFN8,MA-C-12-L1-P2
96186,DEK-XR90-WH-L,MA-F-12-L1-P1
96233,Battery to suit R3540 R3570 Emergency - TRI,MA-PRODUCTION
96277,WMV-35HRFN8,MA-C-12-L1-P2
96408,AURORA-R32-3.5kW,MA-C-05-L3-P1
96434,Battery to suit R6240 Emergency,MA-PRODUCTION
96605,CAL-CLA352-WH,MA-G-16-L2
96619,R4103-WH-WW,A.05.L5.P2
96638,TRI 87500276,MA-OFFICE-AREA
96701,DEK-INGRAM-WH-DC,MA-G-11-L1-P1
96731,DEK-RUSSELL-WH-DC,MA-G-09-L1-P1
96758,DEK-RUSSELL-L-WH-DC,MA-G-09-L1-P2
96853,CAL-CLA348-L-WH,MA-G-16-L2
96947,EP-HYB-240-10,G.17.L2
96958,DEK-GLASS-ALBANY48,MA-F-12-L1-P1
97026,DEK-GLASS-ALBANY52,MA-F-12-L1-P1
97062,CAL-CLA348-WH,MA-G-16-L2
97097,WMV-25HRFN8,MA-D-05-L1-P2
97112,DEK-RONDO58-BK,G.14.L2
97269,DEK-RONDO58-L-BK,MA-G-14-L3
97392,DEK-RONDO58-L-WH,G.14.L2
97534,DEK-RONDO58-WH,MA-G-15-L3
97621,DEK-XR150-WH,MA-F-12-L1-P1
97895,DEK-INGRAM-L-WH-DC,MA-G-14-L1
98042,EP-HYB-RF-MOD,MA-G-17-L2
98952,VEXTR-120,MA-G-12-L1-P1
99517,R2352-CW-15-V2,A.05.L2
99637,VEN-V150FL,MA-H-11-L3-P2
99754,R2352-DL-10-V2,A.03.L1
99782,Battery to suit R3540 R3570 Emergency,MA-PRODUCTION
99791,VEN-SKY1503BL-L,G.07.L2
99869,VEN-INL150,MA-H-11-L3-P2
99878,RWB2,MA-G-05-L2
99929,VEN-MRSLF150T,MA-H-11-L3-P2
99970,R2352-DL-15-V2,A.05.L1
FA12BN,R360-ASPIRE-BN,G.16.L1.P2
ROMA48HSB22BK,DEK-ROMA48-L-BK,G.16.L2.P1